PLAYER,2023/24 TEAM,GP,G,A,P,POS.,YR.,HOMETOWN,STATE/COUNTRY,HT/WT,DESTINATION TEAM,NOTABLE INFO,23/24 CONFERENCE,NEW CONFERENCE,DATE ADDED TO LIST
Cole Hanson,Maine,34,4,4,8,F,Jr.,Grand Forks,North Dakota,5'11 / 174,(DI golf at Mercer),Transferring to Mercer to pursue DI golf.,Hockey East,N/A,4/3/2024
Austin McCarthy,Ferris State,20,3,2,5,F,Sr.,Ludington,Michigan,6'1 / 194,Adrian,,CCHA,DIII,3/18/2024
Brett Bamber,Alaska-Anchorage,34,4,9,13,D,So.,"St. Albert, AB",Canada,5'10 / 174,AIC,,Independent,Atlantic,4/1/2024
Danny Weight,Colorado College,6,1,0,1,F,Sr.,"Edmonton, AB",Canada,6'0 / 185,AIC,Two-time transfer. Also played at BC.,NCHC,Atlantic,3/27/2024
Noah Serdachny,Colorado College,5,0,0,0,F,So.,"Edmonton, AB",Canada,6'1 / 190,AIC,,NCHC,Atlantic,4/1/2024
David Posma,Niagara,15,1,2,3,D,So.,Pomona,New York,6'0 / 170,AIC,Spent half the season in the USHL.,Atlantic,Atlantic,4/2/2024
Nicky Wallace,Quinnipiac,2,0,0,0,D,Fr.,Atlantic Highlands,New Jersey,5'8 / 165,AIC,,ECAC,Atlantic,4/2/2024
Lauri Sertti,RPI,36,2,6,8,D,Sr.,Espoo,Finland,6'1 / 190,AIC,,ECAC,Atlantic,3/21/2024
Chase Clark,Sacred Heart,19,3.03,0.898,8,G,So.,Williamsville,New York,6'6 / 218,AIC,2021 6th round pick of WSH. Two-time transfer.,Atlantic,Atlantic,3/31/2024
Blake Dangos,Sacred Heart,19,1,3,4,D,So.,St. Louis,Missouri,5'10 / 174,AIC,Two-time transfer. Also played at ASU.,Atlantic,Atlantic,4/1/2024
Matt Rickard,AIC,25,2,4,6,D,Sr.,Coventry,Rhode Island,6'0 / 170,Alaska,,Atlantic,Independent,3/31/2024
Nicholas Grabko,Bentley,15,2.4,0.908,6,G,Sr.,Channahon,Illinois,6'0 / 187,Alaska,,Atlantic,Independent,3/21/2024
Luke Johnson,Minnesota Duluth,26,1,2,3,F,So.,St. Cloud,Minnesota,5'9 / 165,Alaska,,NCHC,Independent,3/31/2024
Matt Hubbarde,Providence,13,1,0,1,F,Jr.,"Pickering, ON",Canada,6'1 / 190,Alaska,Two-time transfer. Also played at Dartmouth.,Hockey East,Independent,3/31/2024
Adam Cardona,UMass Lowell,15,1,0,1,D,Fr.,"Beaconsfield, QC",Canada,6'2 / 201,Alaska,,Hockey East,Independent,3/31/2024
Luke LaMaster,Wisconsin,1,0,0,0,D,Sr.,Duluth,Minnesota,6'0 / 187,Alaska,,Big 10,Independent,4/2/2024
Logan Acheson,Bemidji State,28,2,2,4,D,So.,"Edmonton, AB",Canada,5'10 / 179,Alaska-Anchorage,,CCHA,Independent,4/15/2024
Tanner Edwards,Minnesota State,5,0,0,0,F,Sr.,Anchorage,Alaska,6'0 / 170,Alaska-Anchorage,,CCHA,Independent,3/20/2024
Will Schimek,Providence,-,-,-,-,D,Jr.,Mendota Heights,Minnesota,6'2 / 201,Alaska-Anchorage,,Hockey East,Independent,4/4/2024
Joey Potter,Union,21,0,3,3,D,Fr.,Los Angeles,California,5'11 / 185,Alaska-Anchorage,,ECAC,Independent,3/28/2024
Matt Lenz,Mercyhurst,-,-,-,-,G,Jr.,"Calgary, AB",Canada,5'11 / 170,Albertus Magnus,,Atlantic,DIII,3/18/2024
Noah Beck,Clarkson,30,3,6,9,D,Sr.,"Richmond Hill, ON",Canada,6'4 / 183,Arizona State,2020 7th round pick of STL.,ECAC,NCHC,3/19/2024
Artem Shlaine,Northern Michigan,27,10,13,23,F,Sr.,Moskva,Russia,6'1 / 187,Arizona State,2020 5th round pick of NJD. Two-time transfer (UConn).,CCHA,NCHC,4/3/2024
Ryan Kirwan,Penn State,36,13,13,26,F,Jr.,DeWitt,New York,6'2 / 194,Arizona State,,Big 10,NCHC,4/12/2024
Bennett Schimek,Providence,34,8,9,17,F,So.,Mendota Heights,Minnesota,6'0 / 187,Arizona State,,Hockey East,NCHC,4/4/2024
Luke Pavicich,UMass Lowell,17,3.61,0.885,3,G,So.,Clarence Center,New York,6'3 / 194,Arizona State,Two-time transfer. Also played at UMass.,Hockey East,NCHC,4/1/2024
Cruz Lucius ,Wisconsin,36,13,21,34,F,So.,Grant,Minnesota,6'0 / 179,Arizona State,2022 4th round pick of CAR. Leading scorer.,Big 10,NCHC,3/15/2024
Carsen Stokes,Northern Michigan,-,-,-,-,G,Fr.,Prior Lake,Minnesota,5'10 / 170,Augsburg,,CCHA,DIII,4/1/2024
Owen Baumgartner,Air Force,24,4,6,10,D,Fr.,Owatonna,Minnesota,5'10 / 185,Augustana,,Atlantic,CCHA,4/1/2024
Payton Matsui,Alaska,34,5,15,20,F,Jr.,Lakeville ,Minnesota,5'7 / 160,Augustana,,Independent,CCHA,3/25/2024
AJ Macaulay,Alaska,34,5,10,15,D,So.,"Bonnyville, AB",Canada,5'9 / 185,Bemidji State,,Independent,CCHA,3/31/2024
Carter Randklev,Niagara,37,11,20,31,F,Sr.,Moorhead,Minnesota,5'8 / 163,Bemidji State,Niagara leading scorer.,Atlantic,CCHA,3/19/2024
Reilly Funk,Northern Michigan,17,2,2,4,F,Jr.,"Portage, MB",Canada,6'3 / 209,Bemidji State,,CCHA,CCHA,6/29/2024
Jake Black,UConn,24,2,2,4,F,So.,Pomfret,Connecticut,5'11 / 181,Bentley,,Hockey East,Atlantic,3/26/2024
Shane LaVelle,Lindenwood,7,1,0,1,F,So.,Chaska,Minnesota,6'1 / 181,Bethel,,Independent,DIII,5/1/2024
Brady Berard ,Providence,27,2,6,8,F,So.,East Greenwich,Rhode Island,6'1 / 198,Boston College,,Hockey East,Hockey East,3/31/2024
Matt Copponi,Merrimack,30,7,25,32,F,Jr.,Mansfield,Massachusetts,5'11 / 174,Boston University,2023 7th round pick of EDM. Leading scorer.,Hockey East,Hockey East ,3/31/2024
Brehdan Engum,UMass Lowell,34,0,4,4,D,Sr.,Burnsville,Minnesota,6'3 / 220,Boston University,,Hockey East,Hockey East,3/21/2024
Jackson Niedermayer,Arizona State,33,9,4,13,F,Jr.,Newport Beach,California,6'0 / 196,Bowling Green,,Independent,CCHA,3/31/2024
Matvei Kabanov,Northern Michigan,26,4,5,9,F,Fr.,Togliatti,Russia,5'11 / 159,Bowling Green,,CCHA,CCHA,7/10/2024
Ville Immonen,Union,36,8,16,24,F,Sr.,Seinajoki,Finland,6'2 / 201,Bowling Green,,ECAC,CCHA,3/20/2024
Will Hambley,Alaska,4,3.49,0.786,0,G,So.,"Cole Harbour, NS",Canada,6'3 / 190,Brock,Two-time transfer. Also played at WMU.,Independent,USports,4/8/2024
Alec Cicero,Holy Cross,39,11,7,18,F,Sr.,Williamsville,New York,5'10 / 181,Canisius,,Atlantic,Atlantic ,3/19/2024
Kash Rasmussen,Michigan Tech,35,3,9,12,F,So.,"Cochrane, AB",Canada,6'1 / 179,Canisius,,CCHA,Atlantic,4/1/2024
Michael Colella,Northern Michigan,34,7,5,12,F,Sr.,Turnersville,New Jersey,5'7 / 154,Canisius,,CCHA,Atlantic,3/18/2024
Cole Kodsi,Union,16,3,1,4,F,Sr.,Boca Raton,Florida,6'2 / 201,Canisius,Two-time transfer. Also played at Bentley.,ECAC,Atlantic,3/31/2024
Ryan Bottrill,Brown,30,3,16,19,F,So.,Scottsdale,Arizona,6'1 / 185,Clarkson,,ECAC,ECAC,3/31/2024
Ethan Langenegger,Lake Superior State,33,2.86,0.909,14,G,Sr.,"Kamloops, BC",Canada,6'0 / 187,Clarkson,,CCHA,ECAC,3/18/2024
Garrett Dahm,Mercyhurst,35,7,21,28,F,Jr.,Swanswa,Illinois,6'1 / 176,Clarkson,Mercyhurst leading scorer. ,Atlantic,ECAC,3/18/2024
Ray Fust,Omaha,37,4,5,9,F,So.,Bellinzona,Switzerland,6'4 / 205,Clarkson,,NCHC,ECAC,3/31/2024
Marcus Brannman,Providence,2,4.01,0.75,0,G,Fr.,Bromma ,Sweden,6'0 / 172,Clarkson,,Hockey East,ECAC,3/31/2024
Shawn O'Donnell,UMass Lowell,10,0,1,1,F,So.,Pittsburgh,Pennsylvania,5'11 / 181,Clarkson,,Hockey East,ECAC,4/25/2024
Antonio Fernandez,Colorado College,2,0,0,0,D,Fr.,San Jose,California,5'8 / 179,Colgate,,NCHC,ECAC,4/1/2024
Jacob Napier,Western Michigan,6,0,1,1,D,Fr.,Lancaster,New York,6'2 / 190,Colgate,,NCHC,ECAC,4/1/2024
Ty Gallagher,Boston University,37,0,5,5,D,Jr.,Clarkston,Michigan,6'0 / 187,Colorado College,2021 7th round pick of BOS.,Hockey East,NCHC,4/16/2024
Charlie Strobel,Minnesota,29,2,1,3,F,So.,Stillwater,Minnesota,6'1 / 190,Colorado College,,Big 10,NCHC,4/4/2024
Chase McLane,Penn State,17,3,3,6,F,Sr.,Trenton,Michigan,6'2 / 183,Colorado College,2020 7th round pick of NSH.,Big 10,NCHC,4/9/2024
Brady Cleveland,Wisconsin,16,0,0,0,D,Fr.,Wausau,Wisconsin,6'5 / 209,Colorado College,2023 2nd round pick of DET.,Big 10,NCHC,4/2/2024
Will Tripp,Stonehill,25,0,7,7,D,So.,Lakeville ,Massachusetts,5'11 / 161,Connecticut Coll.,,Independent,DIII,3/19/2024
Casper Soderling,AIC,12,1,3,4,D,So.,Stockholm,Sweden,6'0 / 172,Curry College,,Atlantic,DIII,4/2/2024
Emmett Croteau,Clarkson,6,3.53,0.835,2,G,Fr.,"Bonnyville, AB",Canada,6'4 / 209,Dartmouth,2022 6th round pick of MTL.,ECAC,ECAC,4/11/2024
Eric Pohlkamp,Bemidji State,32,11,13,24,D,Fr.,Brainerd ,Minnesota,5'11 / 205,Denver,2023 5th round pick of SJS.,CCHA,NCHC,4/2/2024
Samu Salminen,UConn,35,7,10,17,F,So.,Helsinki,Finland,6'2 / 185,Denver,2021 3rd round pick of NJD.,Hockey East,NCHC,4/1/2024
Josh Niedermayer,Arizona State,19,0,4,4,D,Fr.,Newport Beach,California,6'0 / 201,Dubuque (USHL),,Independent,USHL,4/1/2024
Xavier Jean-Louis,Alaska,26,2,2,4,D,So.,"Montreal, QC ",Canada,6'5 / 212,Ferris State,,Independent,CCHA,3/31/2024
Max Itagaki,Army,34,6,19,25,F,So.,Glenview,Illinois,5'5 / 154,Ferris State,,Atlantic,CCHA,4/1/2024
Noah West,Michigan,6,3,0.88,3,G,Sr.,Pittsboro,Indiana,6'2 / 185,Ferris State,Two-time transfer. Also played at Robert Morris.,Big Ten,CCHA,3/19/2024
Gavin Best,Michigan State,2,0,0,0,F,So.,Richfield,Minnesota,6'2 / 190,Ferris State,,Big 10,CCHA,4/1/2024
Cole Burtch,Western Michigan,3,0,1,1,F,So.,"Markham, ON",Canada,5'10 / 170,Ferris State,,NCHC,CCHA,4/4/2024
Nicholas Kent,Mercyhurst,16,0,1,1,D,So.,Ladera Ranch,California,5'10 / 190,Hamilton College,,Atlantic,DIII,4/5/2024
Aksel Reid,Union,1,2.77,0.8,0,G,Fr.,Minneapolis,Minnesota,6'1 / 185,Hamilton College,,ECAC,DIII,5/17/2024
Dominic Schimizzi,Robert Morris,16,2,1,3,F,Fr.,Greensburg,Pennsylvania,5'11 / 174,Hobart,,Atlantic,DIII,3/22/2024
Lachlan Getz,Michigan Tech,28,1,2,3,D,So.,Northfield,Illinois,6'3 / 185,Holy Cross,Two-time transfer. Also played at BU.,CCHA,Atlantic,4/14/2024
Michael Abgrall,Omaha,12,0,3,3,F,So.,"Richmond, BC",Canada,5'11 / 172,Holy Cross,,NCHC,Atlantic,3/31/2024
Tim Heinke,Quinnipiac,6,0,1,1,F,So.,Kensington,Connecticut,6'1 / 194,Holy Cross,,ECAC,Atlantic,4/2/2024
Mike Brown,Merrimack,-,-,-,-,D,Jr.,Belmont,Massachusetts,6'2 / 209,Lake Superior State,,Hockey East,CCHA,3/31/2024
John Druskinis,Michigan,0,0,0,0,D,So.,Plymouth,Michigan,6'2 / 185,Lake Superior State,,Big 10,CCHA,3/31/2024
Grant Riley,Northeastern,-,-,-,-,G,So.,Rochester,New York,6'4 / 201,Lake Superior State,,Hockey East,CCHA,3/26/2024
Blake Humphrey,Sacred Heart,23,2,4,6,F,So.,Syracuse,New York,5'9 / 161,Lake Superior State,,Atlantic,CCHA,3/31/2024
Carson Cherepak,RPI,9,4.3,0.877,1,G,So.,"Winnipeg, MB",Canada,6'0 / 161,Lakehead,,ECAC,USports,3/31/2024
Justin Paul ,St. Lawrence,37,7,12,19,F,Sr.,"Thunder Bay, ON",Canada,5'11 / 187,Lakehead Univ.,,ECAC,USports,3/27/2024
Alex Aslanidis,AIC,10,3.77,0.868,1,G,Sr.,Moorestown,New Jersey,6'5 / 205,Lindenwood,Two-time transfer. Also played at WMU.,Atlantic,Independent,4/2/2024
Alexander Lundman,Bemidji State,20,3,5,8,F,Jr.,Norrkoping,Sweden,6'0 / 187,Lindenwood,,CCHA,Independent,4/3/2024
Thomas Jarman,Boston University,1,0,0,0,D,Sr.,Pittsburgh ,Pennsylvania ,6'3 / 201,Lindenwood,,Hockey East,Independent,4/15/2024
Henry Graham,Boston University,1,0,0,0,G,Sr.,Manhattan,New York,6'0 / 181,Lindenwood,Two-time transfer. Also played at UMass.,Hockey East,Independent,4/16/2024
Owen Bartoszkiewicz,Minnesota,-,-,-,-,G,Fr.*,Northville,Michigan,6'1 / 194,Lindenwood,*Spent 2023-24 in the USHL/NAHL.,Big 10,Independent,4/17/2024
Kristof Papp,Northern Michigan,34,6,13,19,F,Sr.,Budapest,Hungary,5'11 / 187,Lindenwood,Two-time transfer. Also played at Michigan State.,CCHA,Independent,3/27/2024
John Evans,RPI,16,4,6,10,F,So.,"South Surrey, BC",Canada,5'10 / 161,Lindenwood,,ECAC,Independent,3/31/2024
Connor Gregga,Minnesota State,28,2,2,4,F,Sr.,"Markham, ON",Canada,5'10 / 181,Long Island,,CCHA,Independent,3/19/2024
Andrius Kulbis-Marino,Sacred Heart,36,5,5,10,D,Sr.,Methuen,Massachusetts,6'1 / 174,Long Island,,Atlantic,Independent,3/18/2024
Nick Trela,St. Lawrence,28,2,5,7,F,Sr.,Trenton,Michigan,6'2 / 185,Long Island,,ECAC,Independent,3/25/2024
Carter Rapalje,Stonehill,-,-,-,-,F,So.,Burlington,Vermont,5'11 / 170,Long Island,,Atlantic,Independent,3/22/2024
Aron Jessli,Niagara,28,1,3,4,F,Fr.,Lorenskog,Norway,6'1 / 185,Madison (USHL),Heading back to the USHL for 2024-25,Atlantic,USHL,5/14/2024
Charlie Russell,Clarkson,7,0,0,0,F,Fr.,Houghton,Michigan,5'10 / 174,Maine,*Spent a majority of 2023-24 in the USHL.,ECAC,Hockey East,3/19/24*
Ross Mitton,Colgate,34,11,19,30,F,Sr.,Manhasset,New York,5'10 / 190,Maine,Colgate leading scorer. ,ECAC,Hockey East,3/20/2024
Taylor Makar,Massachusetts,36,4,5,9,F,Jr.,"Calgary, AB",Canada,6'3 / 190,Maine,2021 7th round pick of COL.,Hockey East,Hockey East,4/2/2024
Frank Djurasevic,Merrimack,35,4,6,10,D,Fr.,New Rochelle,New York,6'2 / 198,Maine,,Hockey East,Hockey East,5/14/2024
Owen Fowler,UMass Lowell,-,-,-,-,F,So.,Tewksbury,Massachusetts,5'10 / 190,Maine,,Hockey East,Hockey East,3/31/2024
Joey Musa,Dartmouth,32,6,11,17,F,Jr.,Orange Park,Florida,5'9 / 161,Massachusetts,"His brother, Jack, plays at UMass",ECAC,Hockey East,4/1/2024
Lucas Olvestad,Denver,32,0,6,6,D,So.,Stockholm,Sweden,6'1 / 190,Massachusetts,,NCHC,Hockey East,4/18/2024
Caleb Price,Lindenwood,27,4,6,10,D,Jr.,Hooksett,New Hampshire,5'10 / 165,Mercyhurst,Played both NCAA and ACHA hockey at Lindenwood.,Independent,Atlantic,3/18/2024
Carter McPhail,Miami,2,4.71,0.885,,G,Sr.,Fenton,Michigan,5'11 / 179,Mercyhurst,,CCHA,Atlantic,3/21/2024
Nils Wallstrom,AIC,33,2.27,0.92,19,G,Fr.,Skelleftea,Sweden,6'3 / 185,Merrimack,,Atlantic,Hockey East,3/31/2024
Seamus Powell,Boston College,-,-,-,-,D,Fr.*,Marcellus,New York,6'0 / 165,Merrimack,*Spent 2023-24 in the USHL,USHL,Hockey East,3/1/24*
Antonio Venuto,Ferris State,36,12,14,26,F,Sr.,Whitmore Lake,Michigan,6'3 / 201,Merrimack,Ferris State leading scorer,CCHA,Hockey East,3/19/2024
Harrison Roy,Lake Superior State,38,8,16,24,F,Sr.,Lakeville ,Massachusetts,6'1 / 194,Merrimack,Two-time transfer. Also played at Boston College. ,CCHA,Hockey East,3/18/2024
Cam Kungle,Lake Superior State,37,1,8,9,D,Fr.,"Red Deer, AB",Canada ,6'2 / 205,Merrimack,,CCHA,Hockey East,4/11/2024
Jack Richard,Niagara,34,10,11,21,F,Fr.,"Stoney Creek, ON",Canada,6'4 / 181,Merrimack,,Atlantic,Hockey East,4/2/2024
Josef Mysak,Niagara,37,2,10,12,D,Sr.,Litvinov,Czechia,6'3 / 216,Merrimack,,Atlantic,Hockey East,4/12/2024
Michael Emerson,North Dakota,6,0,0,0,F,Fr.,Yorktown Heights,New York,6'1 / 192,Merrimack,2023 6th round pick of CAR. Spent part of season in USHL.,NCHC,Hockey East,4/1/2024
Colby Enns,Northern Michigan,28,1,3,4,D,Sr.,Minot,North Dakota,6'2 / 201,Merrimack,,CCHA,Hockey East,6/15/2024
Brian Silver,Augustana,16,0,0,0,F,Sr.,Lake Bluff,Illinois,5'10 / 181,Miami,Two-time transfer. Also played at Miami.,CCHA,NCHC,4/3/2024
Colby Ambrosio,Boston College,40,2,6,8,F,Sr.,"Welland, ON",Canada,5'9 / 170,Miami,2020 4th round pick of COL. ,Hockey East,NCHC,4/16/2024
Dylan Moulton,Miami,34,6,2,8,D,Sr.,Nolensville,Tennessee,6'2 / 198,Miami,Entered portal but is returning to Miami.,NCHC,NCHC,3/20/2024
Hampus Rydquist,Miami,36,1,7,8,D,Sr.,Goteburg,Sweden,5'10 / 185,Miami,Entered portal but is returning to Miami.,NCHC,NCHC,3/22/2024
Matt Choupani,Northeastern,28,3,9,12,F,Jr.,"Montreal, QC ",Canada,5'11 / 185,Miami,,Hockey East,NCHC,4/1/2024
Christophe Fillion,Quinnipiac,39,12,7,19,F,Sr.,"Sherbrooke, QC",Canada,5'11 / 176,Miami,,ECAC,NCHC,4/1/2024
Brett Miller,RPI,7,3.78,0.888,1,G,Sr.,Northville,Michigan,6'2 / 181,Miami,,ECAC,NCHC,3/18/2024
Conner Hutchinson,Sacred Heart,14,1,4,5,D,Sr.,Hicksville,New York,5'11 / 170,Miami,Two-time transfer. Also played at Vermont.,Atlantic,NCHC,5/15/2024
Tim Lovell,Arizona State,36,5,32,37,D,Sr.,Hingham ,Massachusetts,5'10 / 165,Michigan,Two-time transfer. Also played at BC.,Independent,Big 10,3/28/2024
Evan Werner,Colorado College,37,6,13,19,F,Fr.,Flower Mound,Texas,5'8 / 172,Michigan,,NCHC,Big 10,4/26/2024
Logan Stein,Ferris State,24,2.9,0.91,,G,Sr.,Suwanee,Georgia,6'2 / 209,Michigan,,CCHA,Big 10,3/20/2024
Thomas Daskas,Miami,36,3,4,7,F,Sr.,Rochester Hills ,Michigan,6'2 / 201,Michigan,Two-time transfer. Also played at Air Force.,NCHC,Big 10,4/15/2024
Will Whitelaw,Wisconsin,37,10,7,17,F,Fr.,Rosemount ,Minnesota,5'9 / 174,Michigan,2023 3rd round pick of CBJ.,Big 10,Big 10,4/3/2024
Nicklas Andrews,Colorado College,37,3,14,17,D,Sr.,Canton,Michigan,5'10 / 192,Michigan State,,NCHC,Big 10,3/28/2024
Charlie Stramel,Wisconsin,34,3,5,8,F,So.,Rosemount,Minnesota,6'3 / 223,Michigan State,2023 1st round pick of MIN.,Big 10,Big 10,4/8/2024
Cade Neilson,Alaska,31,5,14,19,F,So.,Nottingham,England,6'0 / 196,Michigan Tech,,Independent,CCHA,3/31/2024
Derek Mullahy,Harvard,17,3.14,0.897,2,G,Sr.,Scituate,Massachusetts,6'1 / 190,Michigan Tech,,ECAC,CCHA,3/21/2024
Viktor Hurtig,Michigan State,9,1,1,2,D,So.,Falun,Sweden,6'6 / 198,Michigan Tech,2021 6th round pick of NJD.,Big 10,CCHA,4/1/2024
Owen Baker,Michigan State,7,1,1,2,F,Fr.,Howell,Michigan,5'10 / 185,Michigan Tech,,Big 10,CCHA,4/1/2024
Stiven Sardarian,New Hampshire,32,7,7,14,F,So.,St. Petersburg,Russia,6'1 / 157,Michigan Tech,2021 3rd round pick of BUF.,Hockey East,CCHA,4/1/2024
Liam Souliere,Penn State,28,3.38,0.874,12,G,Sr.,"Brampton, ON",Canada,5'11 / 181,Minnesota,,Big 10,Big 10,3/27/2024
Matthew Wood,UConn,35,16,12,28,F,So.,"Lethbridge, AB",Canada,6'4 / 196,Minnesota,2023 1st round pick of NSH. Leading scorer.,Hockey East,Big 10,4/1/2024
Joe Molenaar,St. Cloud State,32,8,4,12,F,Sr.,Minnetonka,Minnesota,6'0 / 179,Minnesota Duluth,,NCHC,NCHC,4/4/2024
Cade Alami,Arizona State,14,0,2,2,D,Jr.,Bedford,New York,6'7 / 216,Minnesota State,Two-time transfer. Also played at BC.,Independent,CCHA,4/3/2024
Luigi Benincasa,Ferris State,33,7,16,23,F,Fr.,"Edmonton, AB",Canada,5'9 / 157,Minnesota State,,CCHA,CCHA,4/5/2024
Matt Syverson,Lindenwood,5,6.1,0.853,0,G,Fr.,Apple Valley,Minnesota,6'4 / 185,Minnesota State,,Independent,CCHA,4/22/2024
Finlay Williams,Notre Dame,-,-,-,-,F,So.,"N Vancouver, BC",Canada,6'1 / 185,Minnesota State,Spent a majority of the season in the USHL.,Big 10,CCHA,3/31/2024
Ralfs Bergmanis,Vermont,32,2,10,12,D,So.,Liepaja,Latvia,5'10 / 174,Minnesota State,,Hockey East,CCHA,5/8/2024
Jared Whale,Alaska-Anchorage,24,2.67,0.909,10,G,So.,"Calgary, AB",Canada,6'0 / 185,New Hampshire,,Independent,Hockey East,4/1/2024
Rico DiMatteo,Long Island,11,2.98,0.874,3,G,Sr.,Brasher Falls,New York,6'3 / 170,New Hampshire,Two-time transfer. Also played at NMU.,Independent,Hockey East,4/1/2024
Grayson Dietrich,AIC,19,2,1,3,F,So.,"Calgary, AB",Canada,6'2 / 185,Niagara,,Atlantic,Atlantic,4/4/2024
Pierce Charleson,Alaska,29,2.46,0.9,13,G,Sr.,"Aurora, ON",Canada,6'2 / 194,Niagara,Two-time transfer. Also played at Michigan State.,Independent,Atlantic,3/25/2024
Ross Roloson,Lake Superior State,37,4,10,14,D,Fr.,Woodbury,Minnesota,5'11 / 172,Niagara,,CCHA,Atlantic,4/11/2024
Brett Roloson,Lake Superior State,15,1,5,6,F,Jr.,Worcester,Massachusetts,5'11 / 161,Niagara,,CCHA,Atlantic,4/11/2024
Kyler Kleven,Minnesota Duluth,25,1,2,3,F,Jr.,Moorhead,Minnesota,5'11 / 172,Niagara,,NCHC,Atlantic,3/31/2024
Braden Doyle,Northeastern,13,1,0,1,D,Jr.,Lynnfield,Massachusetts,5'11 / 185,Niagara,2019 6th round pick of LAK. Two-time transfer.,Hockey East,Atlantic,3/31/2024
Luke Strickland,Long Island,1,0,0,0,F,Fr.,"Keswick, ON",Canada,6'0 / 192,Nipissing,,Independent,USports,4/1/2024
Ben Brunette,UMass Lowell,13,1,0,1,D,Fr.,"North Bay, ON",Canada,6'0 / 192,Nipissing,,Hockey East,USports,4/1/2024
Caleb MacDonald,Alaska,31,4,10,14,D,Fr.,"Cambridge, ON",Canada,6'4 / 220,North Dakota,,Independent,NCHC,3/31/2024
TJ Semptimphelter,Arizona State,26,2.52,0.908,16,G,Jr.,Marlton,New Jersey,6'1 / 190,North Dakota,Two-time transfer. Also played at Northeastern.,Independent,NCHC,4/1/2024
Carter Wilkie,RIT,40,16,25,41,F,Jr.,"Calgary, AB",Canada,6'2 / 201,North Dakota,Tied for leading scorer at RIT,Atlantic,NCHC,3/30/2024
Ryan McGuire,Colgate,34,14,12,26,F,Jr.,"Ste-Agathe, QC",Canada,6'2 / 183,Northeastern,,ECAC,Hockey East,4/1/2024
Jake Higgins,Holy Cross,31,5,4,9,D,Sr.,Hingham,Massachusetts,6'2 / 205,Northeastern,,Atlantic,Hockey East,3/19/2024
Jake Boltmann,Notre Dame,30,0,2,2,D,Sr.,Edina,Minnesota,6'1 / 187,Northeastern,2020 3rd round pick of CGY.,Big 10,Hockey East,4/3/2024
Joaquim Lemay,Omaha,37,5,13,18,D,So.,"St-Pierre, QC",Canada,6'1 / 185,Northeastern,2021 4th round pick of WSH.,NCHC,Hockey East,4/4/2024
Cristophe Tellier,Quinnipiac,39,7,19,26,F,Jr.,"Sherbrooke, QC",Canada,6'1 / 185,Northeastern,,ECAC,Hockey East,4/2/2024
Nick Rheaume,UMass Lowell,34,9,4,13,F,So.,"Sherbrooke, QC",Canada,6'3 / 194,Northeastern,,Hockey East,Hockey East,5/7/2024
Matt Romer,Arizona State,7,0,1,1,F,Fr.,Chicago,Illinois,5'11 / 179,Northern Michigan,,Independent,CCHA,4/22/2024
Jakub Lewandowski,Bemidji State,9,1,1,2,F,Jr.,Torun,Poland,6'3 / 201,Northern Michigan,,CCHA,CCHA,3/31/2024
Matt Argentina,Boston College,-,-,-,-,F,So.*,Philadelphia,Pennsylvania,5'11 / 194,Northern Michigan,*Spent 2023-24 in the BCHL,BCHL,CCHA,3/1/24*
Jesse Tucker,Clarkson,34,4,10,14,F,Jr.,"Longlac, ON",Canada,5'11 / 183,Northern Michigan,Two-time transfer. Also played at Michigan State.,ECAC,CCHA,6/29/2024
Artyom Borshyov,Lake Superior State,32,2,6,8,D,Sr.,Vitebsk,Belarus,6'3 / 209,Northern Michigan,,CCHA,CCHA,3/18/2024
Ethan Barwick,Lindenwood,-,-,-,-,G,Fr.,"St. Albert, AB",Canada,6'3 / 187,Northern Michigan,,Independent,CCHA,4/2/2024
Ryan Ouellette,Niagara,8,2.75,0.904,-,G,Jr.,Colorado Springs,Colorado,6'0 / 185,Northern Michigan,Two-time transfer. Also played DIII at UWEC.,Atlantic,CCHA,4/2/2024
Brendan Poshak,Northern Michigan,7,0,0,0,F,Fr.,Green Bay,Wisconsin,5'8 / 161,Northern Michigan,Entered portal but is returning to NMU,CCHA,,3/31/2024
Zach Michaelis,Northern Michigan,9,0,3,3,F,So.,Elk River ,Minnesota,6'1 / 203,Northern Michigan,Entered portal but is returning to NMU,CCHA,,3/31/2024
Nick Ardanaz,RPI,18,1,2,3,D,So.,"Surrey, BC",Canada,5'10 / 170,Northern Michigan,,ECAC,CCHA,3/31/2024
Danny Ciccarello,RPI,25,4,1,5,F,So.,"Kirkland, QC",Canada,5'11 / 201,Northern Michigan,,ECAC,CCHA,4/1/2024
Tynan Ewart,St. Cloud State,19,0,5,5,D,Fr.,"Duncan, BC",Canada,6'2 / 161,Northern Michigan,,NCHC,CCHA,4/30/2024
Owen Say,Mercyhurst ,31,3.22,0.913,8,G,So.,"London, ON",Canada,6'2 / 185,Notre Dame,,Atlantic,Big 10,3/31/2024
Axel Kumlin,Miami,34,2,9,11,D,So.,Stockholm,Sweden,6'1 / 194,Notre Dame,,NCHC,Big 10,3/29/2024
Blake Biondi,Minnesota Duluth,34,8,11,19,F,Sr.,Hermantown,Minnesota,6'1 / 198,Notre Dame,2020 4th round pick of MTL.,NCHC,Big 10,3/20/2024
Ian Murphy,Princeton,25,11,12,23,F,Sr.,Scituate,Massachusetts,5'11 / 176,Notre Dame,,ECAC,Big 10,3/15/2024
Riley Thompson,Alaska-Anchorage,34,9,15,24,F,Fr.,"Orleans, ON",Canada,6'4 / 201,Ohio State,,Independent,Big 10,4/16/2024
Gunnarwolfe Fontaine,Northeastern,36,8,19,27,F,Sr.,East Greenwich,Rhode Island,5'8 / 174,Ohio State,2020 7th round pick of NSH.,Hockey East,Big 10,3/19/2024
Aiden Hansen-Bukata,RIT,37,5,26,31,D,Sr.,"Vancouver, BC",Canada,6'0 / 179,Ohio State,,Atlantic,Big 10,4/15/2024
Brady Risk,Alaska,33,13,20,33,F,Jr.,"Medicine Hat, AB",Canada,5'9 / 175,Omaha,UAF leading scorer. ,Independent,NCHC,3/25/2024
Harrison Israels,Alaska,33,20,6,26,F,Sr.,"Mississauga, ON",Canada,6'2 / 205,Omaha,,Independent,NCHC,3/29/2024
Garrett Pinoniemi,Minnesota,35,1,2,3,F,So.,Robbinsdale,Minnesota,6'0 / 170,Omaha,,Big 10,NCHC,4/3/2024
Aiden Gallacher,Northern Michigan,34,3,5,8,D,Sr.,Rochester Hills,Michigan,6'1 / 190,Omaha,Two-time transfer. Also played at Michigan State.,CCHA,NCHC,3/18/2024
Dylan Gratton,Penn State,36,3,10,13,D,So.,Pottstown,Pennsylvania,6'0 / 181,Omaha,,Big 10,NCHC,4/8/2024
Sam Stange,Wisconsin,7,0,0,0,F,Sr.,Eau Claire,Wisconsin,6'1 / 201,Omaha,2020 4th round pick of DET.,Big 10,NCHC,4/2/2024
Tyler Paquette,Penn State,27,6,3,9,F,Sr.,Collegeville,Pennsylvania,6'3 / 201,Penn State,Entered portal but is opting to return to Penn State.,Big 10,Big 10,3/22/2024
Arsenii Sergeev,UConn,16,2.7,0.913,8,G,So.,Yaroslavl,Russia,6'3 / 192,Penn State,2021 7th round pick of CGY.,Hockey East,Big 10,4/1/2024
Levi Glasman,Colgate,33,1,5,6,F,Sr.,"Minnedosa, MB",Canada,6'2 / 174,PRO - Belgium,,ECAC,PRO,3/21/2024
Stepan Pokorny,Ferris State,36,8,10,18,F,Sr.,Kolin,Czechia,5'11 / 185,PRO - Czechia,,CCHA,PRO,4/4/2024
Nico Somerville,AIC,40,4,5,9,D,Sr.,"Port Alberni, BC",Canada,5'9 / 185,PRO - ECHL,,Atlantic,PRO,4/17/2024
Kabore Dunn,Lindenwood,22,0,11,11,D,Sr,"Mill Bay, BC",Canada,6'2 / 179,PRO - ECHL,Two-time transfer. Also played at Maine.,Independent,PRO,3/18/2024
Austen Swankler,Michigan Tech,10,0,3,3,F,Jr.,North Huntingdon,Pennsylvania,6'0 / 185,PRO - ECHL,Two-time transfer. Also played at Bowling Green.,CCHA,PRO,4/1/2024
Christian Berger,Penn State,30,2,4,6,D,Sr.,St. Louis,Missouri,6'0 / 194,PRO - ECHL,,Big 10,PRO,5/8/2024
Ryan Conroy,Yale,30,2,11,13,D,Sr.,"Chestermere, AB",Canada,5'9 / 174,PRO - ECHL,,ECAC,PRO,3/15/2024
Michael Kennedy,Princeton,30,2,3,5,D,Sr.,Holyoke,Massachusetts,6'1 / 190,PRO - England,,ECAC,PRO,3/15/2024
Akseli Pennanen,AIC,7,0,1,1,F,Fr.,Espoo,Finland,6'3 / 198,PRO - Finland,,Atlantic,PRO,4/5/2024
Zach Stejskal,Minnesota Duluth,20,3,0.898,8,G,Sr.,Cohasset,Minnesota,6'5 / 218,PRO - Finland,Stejskal entered the portal but withdrew his name. ,NCHC,PRO,4/9/2024
Carson Kosobud,Alaska-Anchorage,33,1,7,8,D,Jr.,Moorhead,Minnesota,6'0 / 190,PRO - France,Two-timer transfer. Also played at ASU.,Independent,PRO,4/1/2024
Reilly Moran,St. Lawrence,34,2,6,8,F,Sr.,Hingham,Massachusetts,5'11 / 176,PRO - France,,ECAC,PRO,3/27/2024
Andrei Buyalsky,Vermont,25,3,8,11,F,Jr.,Karaganda,Kazakhstan,6'3 / 190,PRO - KHL,2021 3rd round pick of COL.,Hockey East,PRO,4/1/2024
Chikara Hanzawa,Sacred Heart,28,2,0,2,F,So.,Tokyo,Japan,5'6 / 143,PRO - South Korea,,Atlantic,PRO,3/31/2024
Rowan Miller ,Alaska-Anchorage,10,0,1,1,F,So.,Scottsdale,Arizona,5'11 / 165,PRO - Sweden,,Independent,PRO,4/1/2024
Adam Arvedson,Merrimack,21,1,3,4,D,Jr.,Karlstad,Sweden,6'0 / 176,PRO - Sweden,,Hockey East,PRO,3/20/2024
Ryan O'Reilly,Arizona State,37,9,6,15,F,Sr.,Southlake,Texas,6'3 / 220,Providence,2018 4th round pick of DET,Independent,Hockey East,3/15/2024
Logan Will,Colorado College,37,7,11,18,F,Sr.,Ames,Iowa,5'11 / 185,Providence,,NCHC,Hockey East,3/29/2024
Zach Borgiel,Merrimack,16,3.26,0.89,6,G,Sr.,Fort Gratiot,Michigan,6'2 / 205,Providence,,Hockey East,Hockey East,3/18/2024
Carl Fish,Minnesota,38,0,3,3,D,Sr.,St. Paul,Minnesota,6'3 / 209,Providence,,Big 10 ,Hockey East,4/9/2024
Cameron Gendron,New Hampshire,10,1,2,3,F,Sr.,Wilmington,Massachusetts,6'3 / 181,Providence,,Hockey East,Hockey East,3/26/2024
Charlie Leddy,Boston College,39,0,8,8,D,So.,Fairfield,Connecticut,6'2 / 185,Quinnipiac,2022 4th round pick of NJD.,Hockey East,ECAC,4/18/2024
Jeremy Wilmer,Boston University,38,6,30,36,F,So.,Rockville Centre,New York,5'8 / 154,Quinnipiac,,Hockey East,ECAC,4/15/2024
Jack Ricketts,Holy Cross,39,19,16,35,F,Sr.,"Oakville, ON",Canada,6'1 / 194,Quinnipiac,,Atlantic,ECAC,3/21/2024
Aaron Bohlinger,Massachusetts,34,3,5,8,D,Sr.,Newburgh,New York,5'9 / 165,Quinnipiac,,Hockey East,ECAC,4/1/2024
Nate Benoit,North Dakota,19,0,1,1,D,Fr.,Bow,New Hampshire,6'1 / 187,Quinnipiac,2021 6th round pick of MIN. ,NCHC,ECAC,4/5/2024
Charlie Glockner,Northern Michigan,9,3.26,0.885,3,G,Jr.,Minnetonka,Minnesota,6'3 / 181,RETIRED,Announced transfer to SCSU but is instead retiring,CCHA,N/A,3/31/2024
Trent Burnham,Lindenwood,27,3.91,0.905,6,G,Jr.,Eagle River,Alaska,6'0 / 163,RIT,Played both NCAA and ACHA hockey at Lindenwood.,Independent,Atlantic,3/18/2024
Nick Cafarelli,New Hampshire,28,6,5,11,F,Sr.,Middleton,Massachusetts,5'10 / 185,RIT,,Hockey East,,3/27/2024
Kevin Marx Noren,Northern Michigan,30,4,13,17,F,Fr.,Knivsta,Sweden,6'1 / 209,RIT,,CCHA,Atlantic,4/3/2024
Cody Monds,Clarkson,30,7,8,15,F,Jr.,"Brockville, ON",Canada,5'9 / 170,Robert Morris,Two-time transfer. Also played at Providence.,ECAC,Atlantic,4/25/2024
David Gagnon,Lindenwood,28,8,8,16,F,Jr.,"Halifax, NS",Canada,6'0 / 181,Robert Morris,Played both NCAA and ACHA hockey at Lindenwood.,Independent,Atlantic,3/18/2024
Eric DeDobbelaer,Massachusetts,-,-,-,-,F,Jr.,"Hamilton, ON",Canada,5'10 / 181,Robert Morris,,Hockey East,Atlantic,4/2/2024
Mitchel Deelstra,Northern Michigan,25,1,2,3,F,Sr.,"Wallace, ON",Canada,6'0 / 185,Robert Morris,Two-time transfer. Also played at Ferris State.,CCHA,Atlantic,3/18/2024
Greg Japchen ,Stonehill,30,3,11,14,D,So.,Doylestown,Pennsylvania,6'4 / 205,Robert Morris,Two-time transfer. Also played at Union.,Independent,Atlantic,3/21/2024
Dylan Meilun,Stonehill,26,5.03,0.874,2,G,So.,"Winnipieg, MB",Canada,6'5 / 220,Robert Morris,Two-time transfer. Also played at UWS (DIII).,Independent,Atlantic,4/16/2024
Dawson Smith,Western Michigan,-,-,-,-,G,Fr.,"Whitehorse, YT",Canada,6'4 / 194,Robert Morris,,NCHC,Atlantic,4/5/2024
Arvils Bergmanis,Alaska,31,2,17,19,D,Jr.,Riga,Latvia,5'11 / 187,RPI,,Independent,ECAC,3/26/2024
Will Gilson,Alaska-Anchorage,34,3,12,15,D,So.,Old Greenwich,Connecticut,6'0 / 170,RPI,,Independent,ECAC,4/1/2024
Jordan Tonelli,Brown,16,3,4,7,F,Sr.,Armonk,New York,6'0 / 179,RPI,,ECAC,ECAC,3/15/2024
Noah Giesbrecht,Ferris State,19,3.87,0.886,,G,Jr.,"South Surrey, BC",Canada,6'4 / 194,RPI,Two-time transfer. Also played at U of Windsor.,CCHA,ECAC,3/26/2024
Elliott McDermott,Massachusetts,35,0,2,2,D,Sr.,"Kingston, ON",Canada,5'11 / 194,RPI,Two-time transfer. Also played at Colgate.,Hockey East,ECAC,3/29/2024
Jake Hewitt,Army,35,7,10,17,F,Fr.,Ashburnham,Massachusetts,5'10 / 183,Sacred Heart,,Atlantic,Atlantic,4/1/2024
John Driscoll,Army,35,5,16,21,D,So.,Eagle ,Idaho,6'4 / 205,Sacred Heart,,Atlantic,Atlantic,4/1/2024
Tyler Ghirardosi,Holy Cross,39,14,13,27,F,Sr.,"Montrose, BC",Canada,6'3 / 185,Sacred Heart,Two-time transfer. Also played at Quinnipiac.,Atlantic,Atlantic,3/19/2024
Matt Guerra,Holy Cross,38,8,17,25,F,Sr.,Orlando,Florida,5'8 / 165,Sacred Heart,Two-time transfer. Also played at Robert Morris.,Atlantic,Atlantic,3/19/2024
Reid Pabich,Maine,21,1,4,5,F,So.,Verona,Wisconsin,5'11 / 174,Sacred Heart,,Hockey East,Atlantic,4/2/2024
Felix Trudeau,Maine,24,3,2,5,F,So.,"Terrebone, QC",Canada,6'2 / 190,Sacred Heart,,Hockey East,Atlantic,4/3/2024
John Jaworski,Sacred Heart,35,10,16,26,F,Sr.,Grinnell,Iowa,5'10 / 172,Sacred Heart,"Put name in portal, but is returning to Sacred Heart. ",Atlantic,Atlantic,3/15/2024
Max Dorrington,St. Lawrence,35,2,5,7,F,Sr.,North Reading,Massachusetts,6'3 / 220,Sacred Heart,,ECAC,Atlantic,3/26/2024
Gabe Blanchard ,UMass Lowell,12,0,1,1,D,Jr.,Buffalo,New York,5'10 / 181,Sacred Heart,,Hockey East,Atlantic,3/31/2024
Cole Mickel,Niagara,28,2,3,5,D,Fr.,Broomfield,Colorado,5'11 / 170,Saint Mary's,,Atlantic,DIII,4/25/2024
Aidan Connolly,Sacred Heart,2,0,0,0,F,So.,Marshfield,Massachusetts,5'11 / 170,Salve Regina,,Atlantic,DIII,3/31/2024
Caleb Huffman,Alaska-Anchorage,30,0,1,1,D,So.,Fairbanks,Alaska,6'4 / 201,Simon Fraser,,Independent,BCIHL,4/1/2024
Austin Fraser,Lindenwood,24,2,2,4,F,Fr.,"W Vancouver, BC",Canada,6'2 / 205,Simon Fraser,,Independent,BCIHL,4/20/2024
Cam Collins,Stonehill,18,0,1,1,F,So.,Raynham,Massachusetts,5'11 / 174,St. Anselm,,Independent,DIII,3/19/2024
Michael Martignetti,Stonehill,4,0,0,0,D,So.,Winchester,Massachusetts,6'0 / 185,St. Anselm,,Independent,DIII,3/19/2024
Gavin Enright,Bemidji State,15,3.18,0.872,6,G,Sr.,Farmington,Minnesota,6'2 / 161,St. Cloud State,,CCHA,NCHC,6/4/2024
Daimon Gardner,Clarkson,29,1,5,6,F,Fr.,"Eagle Lake, ON",Canada,6'5 / 205,St. Cloud State,2022 4th round pick of VAN.,ECAC,NCHC,4/6/2024
Josh Zinger,Northern Michigan,34,3,17,20,D,So.,"Red Deer, AB",Canada,5'11 / 181,St. Cloud State,,CCHA,NCHC,3/31/2024
Kaleb Tiessen,St. Cloud State,6,0,0,0,D,Fr.,"Leamington, ON",Canada,6'5 / 209,St. Cloud State,"Put name in portal, but is returning to SCSU.",NCHC,NCHC,4/30/2024
Isack Bandu,Northern Michigan,26,1,4,5,D,So.,"Notre-Dame, QC",Canada,6'2 / 194,St. Lawrence,,CCHA,ECAC,4/1/2024
Dominic Basse ,St. Cloud State,25,2.75,0.896,12,G,Sr.,Alexandria,Virginia,6'6 / 179,St. Lawrence,Two-time transfer. 2019 6th round pick of CHI. ,NCHC,ECAC,3/25/2024
Reilly Connors,Yale,30,1,4,5,F,Sr.,Madison,Connecticut,6'1 / 200,St. Lawrence,Two-time transfer. Also played at Union.,ECAC,ECAC,3/15/2024
Chase Foley,Colorado College,32,2,14,16,D,Sr.,West St. Paul,Minnesota ,5'10 / 170,St. Thomas,,NCHC,CCHA,3/27/2024
Ray Christy,Colorado College,36,2,5,7,F,Sr.,St. Paul,Minnesota,5'10 / 170,St. Thomas,,NCHC,CCHA,3/27/2024
Caige Sterzer,Lindenwood,28,8,14,22,F,Jr.,"Kimberley, BC",Canada,6'5 / 216,St. Thomas,Played both NCAA and ACHA hockey at Lindenwood.,Independent,CCHA,3/18/2024
Connor Androlewicz,Maine,-,-,-,-,G,Sr.,St. Louis,Missouri,6'2 / 201,Stonehill,,Hockey East,Independent,4/1/2024
Devlin O'Brien,Merrimack,30,3,5,8,F,Jr.,"Toronto, ON",Canada,5'11 / 185,Stonehill,,Hockey East,Independent,3/20/2024
Brady Hunter,Merrimack,11,0,2,2,F,Fr.,"Enfield, NS",Canada,5'8 / 174,Stonehill,,Hockey East,Independent,4/4/2024
Teddy Lagerback,Miami,22,1,1,2,F,So.,Minnetonka,Minnesota,6'1 / 194,Stonehill,,NCHC,Independent,5/5/2024
Evan Orr,Michigan Tech,14,1,1,2,D,So.,Shelby Township,Michigan,5'11 / 185,Stonehill,,CCHA,Independent,4/29/2024
Ryan Davies,Stonehill,19,1,2,3,D,So.,Arlington,Massachusetts,5'11 / 179,Stonehill,Entered portal but is returning,Independent,,3/19/2024
Gavin Fitzpatrick,Stonehill,14,7.55,0.817,0,G,Jr.,Norwood,Massachusetts,6'0 / 185,Stonehill,Entered portal but is returning,Independent,,3/19/2024
Henri Schreifels,Stonehill,36,8,8,16,F,Jr. ,Agoura Hills,California,6'2 / 194,Stonehill,Two-time transfer. Also played at RPI. Entered portal but returning,Independent,,3/21/2024
Joseph Grainda,Stonehill,22,3,4,7,F,Fr.,Carmel,Indiana,6'3 / 190,Stonehill,Entered portal but is returning,Atlantic,,3/22/2024
Frank Ireland,Stonehill,36,9,9,18,F,So. ,Longmeadow,Massachusetts,5'11 / 185,Stonehill,Stonehill leading scorer. Entered portal but returning,Independent,,3/27/2024
Cole Hudson,AIC,1,1.97,0.889,0,G,Jr.,Tonawanda,New York,6'1 / 174,SUNY Brockport,Two-time transfer. Also played at Vermont. ,Atlantic,DIII,4/15/2024
Charlie Merkley,Robert Morris,9,0,0,0,F,Fr.,Fairport,New York,5'9 / 194,SUNY-Cortland,,Atlantic,DIII,3/22/2024
Filip Wiberg,Alaska,3,1,0,1,F,Fr.,Trondheim,Norway,6'2 / 201,SUNY-Geneseo,,Independent,DIII,4/16/2024
Mitch LaFay,Alaska-Anchorage,1,0,0,0,F,Fr.,"Stratford, ON",Canada,6'6 / 209,Toronto Metropolitan,,Independent,USports,4/1/2024
Matt Kinash,Alaska-Anchorage,18,2,4,6,F,Sr.,"Edmonton, AB",Canada,6'0 / 185,Toronto Metropolitan,Two-time transfer. Also played at UML.,Independent,USports,4/1/2024
Nikita Borodayenko,Merrimack,12,0,1,1,F,So.,Dmitrov ,Russia,5'11 / 187,U of Dubuque,,Hockey East,DIII,3/31/2024
Mark Cooper,UMass Lowell,23,1,3,4,D,So.,"Cambridge, ON",Canada,5'11 / 176,U of Toronto,,Hockey East,USports,3/31/2024
Tyler Muszelik,New Hampshire,8,3.38,0.874,5,G,So.,Long Valley,New Jersey,6'3 / 194,UConn,2022 6th round pick of FLA.,Hockey East,Hockey East,4/2/2024
Viking Gustafsson Nyberg ,Northern Michigan,33,2,1,3,D,Fr.,Stockholm,Sweden,6'6 / 205,UConn,,CCHA,Hockey East,6/28/2024
Nicholas Carabin,Princeton,27,5,12,17,D,Sr.,Mahwah,New Jersey,5'10 / 174,UConn,,ECAC,Hockey East,3/15/2024
Hugh Larkin,Western Michigan,37,5,4,9,F,Sr.,Livonia,Michigan,6'2 / 205,UConn,,NCHC,Hockey East,5/5/2024
Pierson Brandon,Colgate,34,5,10,15,D,Sr.,New York,New York,6'0 / 190,UMass Lowell,,ECAC,Hockey East,3/19/2024
Nick Anderson,Colgate,36,2,19,21,D,Sr.,Independence,Minnesota,5'10 / 165,UMass Lowell,,ECAC,Hockey East,3/20/2024
Jack Robilotti,Holy Cross,35,3,6,9,D,Sr.,New York,New York,6'3 / 194,UMass Lowell,,Atlantic,Hockey East,3/19/2024
Beni Halasz,Northern Michigan,28,2.84,0.901,9,G,So.,Budapest,Hungary,6'0 / 181,UMass Lowell,,CCHA,Hockey East,4/3/2024
Connor Eddy,Northern Michigan,34,7,6,13,F,So.,"Victoria, BC",Canada,6'1 / 201,UMass Lowell,,CCHA,Hockey East,6/13/2024
Ian Carpentier,Yale,26,8,6,14,F,Sr.,Worcester,Massachusetts,6'0 / 174,UMass Lowell,,ECAC,Hockey East,3/15/2024
Dylan Robbins,Sacred Heart,35,0,2,2,F,So.,Alpine,New Jersey,6'0 / 174,UMB,,Atlantic,DIII,4/3/2024
Parker Lindauer,Maine,16,1,1,2,F,So.,Madison,Wisconsin,5'11 / 172,Union,,Hockey East,ECAC,4/2/2024
Brendan Miles,Michigan,6,0,0,0,D,So.,Farmington Hills,Michigan,6'1 / 176,Union,,Big 10,ECAC,4/22/2024
Kieran Ruscheinski,Lindenwood,17,1,3,4,D,So.,"Calgary, AB",Canada,6'6 / 209,Univ. of Waterloo,2019 7th round pick of MTL.,Independent,USports,3/22/2024
Henry Levy,Arizona State,-,-,-,-,G,Fr.,Salt Lake City,Utah,5'11 / 181,Utah,,Independent,ACHA,3/15/2024
Sebastian Tornqvist,Massachusetts,14,0,3,3,D,Fr.,Everlov,Sweden,5'11 / 187,Vermont,,Hockey East,Hockey East,4/1/2024
Keenan Rancier,Minnesota State,12,2.44,0.91,5,G,Jr.,"Victoria, BC",Canada,6'2 / 183,Vermont,,CCHA,Hockey East,4/16/2024
Brian Kramer,AIC,35,10,12,22,D,Sr.,Wexford,Pennsylvania,5'11 / 181,Western Michigan,Two-time transfer. Also played at RMU.,Atlantic,NCHC,4/6/2024
Tristan Lemyre,Denver,24,2,4,6,F,So.,"Mirabel, QC",Canada,5'9 / 170,Western Michigan,,NCHC,NCHC,4/18/2024
Jack Mesic,Ferris State,36,2,8,10,D,Fr.,Plymouth ,Michigan,5'11 / 185,Western Michigan,His brother plays at NMU.,CCHA,NCHC,4/15/2024
Robby Drazner,Miami,33,2,1,3,D,Sr.,Buffalo Grove,Illinois,6'1 / 194,Western Michigan,,NCHC,NCHC,4/8/2024
Grant Slukynsky,Northern Michigan,34,6,3,9,F,Fr.,Warroad,Minnesota,6'1 / 198,Western Michigan,,CCHA,NCHC,6/17/2024
Liam Valente,Providence,29,4,5,9,F,So.,Marsta,Sweden ,5'11 / 183,Western Michigan,,Hockey East,NCHC,3/31/2024
Ryland Mosley,Michigan Tech,40,18,15,33,F,Sr.,"Arnprior, ON",Canada,5'11 / 190,Wisconsin,,CCHA,Big 10,4/1/2024
Kyle Kukkonen,Michigan Tech,27,1,11,12,F,So.,Maple Grove,Minnesota,5'10 / 174,Wisconsin,2021 6th round pick of ANA.,CCHA,Big 10,4/3/2024
Tommy Scarfone,RIT,36,2.26,0.925,25,G,Jr.,"Montreal, QC ",Canada,6'0 / 174,Wisconsin,,Atlantic,Big 10,3/31/2024
Cody Laskosky,RIT,37,14,27,41,F,Sr.,"Camrose, AB",Canada,5'11 / 181,Wisconsin,Tied for leading scorer at RIT,Atlantic,Big 10,4/25/2024
Sam Brennan,Air Force,36,3,4,7,D,Sr.,Brighton,Michigan,6'0 / 201,WITHDRAWN,,Atlantic,,3/22/2024
Michael Mesic,Northern Michigan,26,4,5,9,F,Fr.,Plymouth,Michigan,5'11 / 179,Youngstown (USHL),Heading back to USHL for 2024-25,CCHA,USHL,6/12/2024
,,"23-24 Stats( GAA, SV%, Wins for Goalies)",,,,,,,,,,,,,
Andrew Amousse,AIC,10,1,0,1,F,So.,"Laval, QC",Canada,6'3 / 214,,,Atlantic,,4/2/2024
Jake Sacratini,AIC,2,0,0,0,F,So.,"Pincourt, QC",Canada,5'9 / 165,,,Atlantic,,4/13/2024
Luke Robinson,Air Force,38,2,7,9,D,Sr.,Dublin,California,6'3 / 205,,,Atlantic,,3/15/2024
Edvards Bergmanis,Alaska,2,0,0,0,F,Fr.,Riga ,Latvia,5'10 / 170,,,Independent,,3/31/2024
Derek Pys,Alaska,4,0,1,1,D,Fr.,"Ayr, ON",Canada,6'0 / 172,,,Independent,,4/16/2024
Carter Belitski,Alaska-Anchorage,14,0,1,1,F,So.,"Regina, SK",Canada,6'1 / 181,,,Independent,,4/1/2024
Dayne Hoyord,Army,-,-,-,-,F,Fr.,Scandinavia,Wisconsin,5'10 / 194,,,Atlantic,,4/3/2024
Ethan Perrault,Augustana,-,-,-,-,D,Fr.,Tipp City,Ohio,6'3 / 190,,,CCHA,,5/10/2024
Joshua Seeley,Bentley,-,-,-,-,G,So.,Trenton,Michigan,6'4 / 201,,,Atlantic,,3/18/2024
Gentry Shamburger,Boston College,30,1,1,2,F,Sr.,Atlanta,Georgia,6'0 / 196,,,Hockey East,,5/2/2024
Gavin Puskar,Brown,26,0,0,0,F,Sr.,Westfield,New Jersey,6'1 / 190,,Two-time transfer. Also played at UConn.,ECAC,,3/19/2024
Matt Sutton,Brown,24,3,5,8,F,Sr.,Gibsonia,Pennsylvania,6'0 / 190,,,ECAC,,3/21/2024
Sebastian Tamburro,Colgate,13,1,4,5,F,So.,"Toronto, ON",Canada,5'10 / 179,,,ECAC,,4/1/2024
Tyler Coffey,Colorado College,24,5,0,5,F,Sr.,Hamilton,New Jersey,5'10 / 179,,,NCHC,,3/27/2024
Nikolai Charchenko,Colorado College,-,-,-,-,D,So.,Victoria,Minnesota,6'2 / 209,,,NCHC,,4/1/2024
Ryan Sorkin,Dartmouth,31,1,3,4,F,Jr.,Chicago,Illinois,5'10 / 174,,,ECAC,,3/31/2024
Ben Schultheis,Ferris State,21,0,1,1,D,Sr.,Mount Juliet,Tennessee,6'3 / 205,,,CCHA,,3/21/2024
Max Miller,Harvard,-,-,-,-,G,Sr.,Ann Arbor,Michigan,6'2 / 181,,,ECAC,,3/25/2024
Charlie Spence,Holy Cross,14,0,1,1,D,So.,Boston,Massachusetts,6'0 / 185,,,Atlantic,,4/18/2024
Will Hakansson,Lake Superior State,4,4.83,0.833,1,G,Fr.,Oskarshamn,Sweden,6'0 / 179,,,CCHA,,5/9/2024
Cade DeStefani,Lindenwood,9,2,2,4,F,So.,Bedford,New Hampshire,6'2 / 185,,,Independent,,4/1/2024
Cole Teleki,Lindenwood,-,-,-,-,D,Fr.,Dallas,Texas,6'2 / 194,,,Independent,,5/25/2024
Preston Brodziak,Long Island,29,3,3,6,F,Sr.,"Estevan, SK",Canada,6'0 / 185,,,Independent,,3/19/2024
Kade Peterson,Long Island,9,0,0,0,F,Fr.,West Fargo,North Dakota,6'1 / 190,,,Indenpendent,,4/1/2024
Cole Brady,Massachusetts,9,3.03,0.886,4,G,Sr.,"Pickering, ON",Canada,6'5 / 181,,Two-time transfer (ASU). 2019 5th round pick of NJD. ,Hockey East,,4/30/2024
Jackson McCarthy,Mercyhurst,-,-,-,-,D,Fr.,West Seneca,New York,6'1 / 205,,,Atlantic,,4/2/2024
Tyler Gaulin ,Mercyhurst,8,0,0,0,F,So.,Kingston,New Hampshire,6'0 / 179,,,Atlantic,,4/3/2024
Steven Bacovsky,Merrimack,-,-,-,-,G,So.,"Calgary, AB",Canada,6'1 / 190,,,Hockey East,,4/2/2024
Jon Mor ,Michigan State,-,-,-,-,G,Sr.,Highland Park,Illinois,6'2 / 201,,,Big 10,,4/1/2024
Michael Morelli,Michigan Tech,-,-,-,-,G,So.,Arvada,Colorado,5'11 / 179,,,CCHA,,4/1/2024
Jeremy Forman,New Hampshire,-,-,-,-,G,Sr.,Northbrook,Illinois,5'10 / 161,,,Hockey East,,4/1/2024
Max Ruoho,Niagara,11,0,1,1,D,So.,Madison,Wisconsin,6'0 / 174,,,Atlantic,,4/2/2024
Steven Kesslering,Niagara,-,-,-,-,F,Fr.,"Viceroy, SK",Canada,5'11 / 190,,,Atlantic,,4/2/2024
Travis Hensrud,Northern Michigan,-,-,-,-,F,Fr.,"Thunder Bay, ON",Canada,5'11 / 179,,,CCHA,,3/31/2024
Mackenzie Merriman,Princeton,27,0,0,0,F,Sr.,"White Rock, BC",Canada,5'11 / 190,,,ECAC,,3/15/2024
Joe Berg,Princeton,30,2,2,4,F,Sr.,Plano,Texas,5'11 / 181,,,ECAC,,3/15/2024
Jake Martin,Quinnipiac,25,0,1,1,D,So.,White Bear Lake ,Minnesota,6'0 / 187,,Two-time transfer. Also played at Wisconsin.,ECAC,,4/3/2024
Matthew Boczar,Robert Morris,11,1,1,2,F,Fr.,Sewell,New Jersey,6'1 / 165,,,Atlantic,,3/22/2024
Michael Sochan,Robert Morris,-,-,-,-,G,Fr.,Redwood City,California,6'1 / 179,,,Atlantic,,3/22/2024
Jack Brackett,RPI,33,1,8,9,F,Jr.,Manassas,Virginia,5'10 / 181,,,ECAC,,4/8/2024
Grant Adams,St. Lawrence,2,4.12,0.844,0,G,Sr.,Niles,Michigan,6'2 / 194,,,ECAC,,3/19/2024
Anthony Mollica,St. Lawrence,5,0,1,1,D,So.,Jenison,Michigan,6'3 / 216,,,ECAC,,3/29/2024
Cam Recchi,St. Thomas,5,1,0,1,F,Jr.,Pittsburgh,Pennsylvania,5'10 / 165,,,CCHA,,3/31/2024
Tim Piechowski,St. Thomas,20,3,1,4,F,Jr.,Eden Prairie,Minnesota,6'2 / 209,,,CCHA,,4/9/2024
Max Pineo,Stonehill,31,3,2,5,F,Sr.,North Reading,Massachusetts,5'9 / 183,,Played both DIII and DI at Stonehill.,Independent,,3/19/2024
Jack Shemligian,Stonehill,3,0,0,0,D,So.,Southborough,Massachusetts,6'0 / 190,,,Independent,,3/21/2024
Mark D'Agostino,UConn,-,-,-,-,F,So.,North Branford,Connecticut,6'0 / 181,,,Hockey East,,3/28/2024
Lucas Jones,Vermont,6,0,0,0,D,So.,"Calgary, AB",Canada,6'4 / 205,,,Hockey East,,4/18/2024
Nathan Reid,Yale,10,4.12,0.856,2,G,Sr.,Sun Prairie ,Wisconsin,6'2 / 194,,,ECAC,,3/15/2024
Rhett Pitlick,Minnesota,39,19,17,36,F,Sr.,Chaska,Minnesota,5'10 / 165,,Not added to Minn St roster as of 9/24/2024 - doing it manually,CCHA,,9/19/2024
,,,,,,,,,,,,,,,
