Date,Home_Team,Away_Team,game_id_number
2022/10/01,Lindenwood,Minnesota,6044461
2022/10/01,Niagara,Canisius,6048277
2022/10/01,Ferris St.,Miami (OH),6044467
2022/10/01,St. Lawrence,UMass Lowell,6044471
2022/10/01,Bowling Green,Northern Mich.,6044475
2022/10/01,St. Cloud St.,St. Thomas (MN),6044470
2022/10/01,Arizona St.,Minn. Duluth,6044468
2022/10/01,TBA,Clarkson,6044477
2022/10/01,UConn,Vermont,6044478
2022/10/01,RIT,Union (NY),6044479
2022/10/01,Ohio St.,Mercyhurst,6044480
2022/10/01,Minnesota St.,Omaha,6044474
2022/10/01,LIU,Northeastern,6044482
2022/10/01,Western Mich.,Alas. Anchorage,6045492
2022/10/01,American Int'l,Alas. Fairbanks,6044481
2022/10/01,Sacred Heart,Massachusetts,6044464
2022/10/01,Bentley,Boston U.,6044463
2022/10/01,Boston College,Holy Cross,6044476
2022/10/01,Windsor (CAN),Michigan,6044462
2022/10/02,Lindenwood,Minnesota,6044483
2022/10/02,Ferris St.,Miami (OH),6044485
2022/10/02,Western Univ. (CAN),Sacred Heart,6044486
2022/10/02,Union (NY),Army West Point,6044487
2022/10/02,UConn,Vermont,6044488
2022/10/02,Ohio St.,Mercyhurst,6044491
2022/10/02,Arizona St.,Minn. Duluth,6044489
2022/10/02,St. Thomas (MN),St. Cloud St.,6044490
2022/10/02,Bowling Green,Northern Mich.,6044493
2022/10/02,American Int'l,Alas. Fairbanks,6044492
2022/10/02,Western Mich.,Alas. Anchorage,6045505
2022/10/03,Lakehead (CAN),Michigan Tech,6044494
2022/10/07,Minnesota St.,Minnesota,6044495
2022/10/07,Notre Dame,Denver,6044500
2022/10/07,Union (NY),UConn,6044506
2022/10/07,Canisius,Penn St.,6044505
2022/10/07,Mercyhurst,Rensselaer,6044509
2022/10/07,Northern Mich.,Colgate,6044508
2022/10/07,Army West Point,RIT,6044507
2022/10/07,Sacred Heart,Providence,6044504
2022/10/07,New Hampshire,Clarkson,6044503
2022/10/07,Merrimack,St. Lawrence,6044502
2022/10/07,Quinnipiac,Boston College,6044501
2022/10/07,Wisconsin,Ohio St.,6044499
2022/10/07,Lindenwood,Michigan,6044496
2022/10/07,Miami (OH),UMass Lowell,6044515
2022/10/07,Niagara,Omaha,6044513
2022/10/07,Alas. Fairbanks,St. Thomas (MN),6044514
2022/10/07,Holy Cross,North Dakota,6044510
2022/10/07,Arizona St.,Bemidji St.,6044511
2022/10/07,Maine,Air Force,6044517
2022/10/07,Alas. Anchorage,Colorado Col.,6044516
2022/10/07,Bowling Green,Michigan St.,6044498
2022/10/07,Michigan Tech,Ferris St.,6044512
2022/10/07,Vermont,Northeastern,6044497
2022/10/08,Union (NY),UConn,6044524
2022/10/08,Northern Mich.,Colgate,6044525
2022/10/08,Wisconsin,Ohio St.,6044521
2022/10/08,Army West Point,RIT,6044526
2022/10/08,Canisius,Penn St.,6044527
2022/10/08,Miami (OH),UMass Lowell,6044530
2022/10/08,Lindenwood,Michigan,6044518
2022/10/08,Mercyhurst,Rensselaer,6044537
2022/10/08,New Hampshire,St. Lawrence,6044535
2022/10/08,Merrimack,Clarkson,6044536
2022/10/08,Western Mich.,Ferris St.,6044540
2022/10/08,Holy Cross,North Dakota,6044531
2022/10/08,Minnesota,Minnesota St.,6044532
2022/10/08,Arizona St.,Bemidji St.,6044533
2022/10/08,Alas. Fairbanks,St. Thomas (MN),6044534
2022/10/08,Michigan St.,Bowling Green,6044539
2022/10/08,Maine,Denver,6044529
2022/10/08,Alas. Anchorage,Colorado Col.,6044528
2022/10/08,Notre Dame,Air Force,6044538
2022/10/08,Niagara,Omaha,6044541
2022/10/08,Massachusetts,American Int'l,6044520
2022/10/08,Waterloo (CAN),Boston U.,6044523
2022/10/08,LIU,Stonehill,6044522
2022/10/08,Vermont,Northeastern,6044519
2022/10/09,LIU,Quinnipiac,6044542
2022/10/13,Clarkson,Providence,6044545
2022/10/13,Mercyhurst,Penn St.,6044546
2022/10/13,Sacred Heart,Holy Cross,6044547
2022/10/13,Bentley,Union (NY),6044548
2022/10/13,Michigan Tech,Alas. Fairbanks,6044549
2022/10/13,UMass Lowell,Michigan St.,6044543
2022/10/13,Bowling Green,Western Mich.,6044544
2022/10/14,Boston U.,Michigan,6079514
2022/10/14,Penn St.,Mercyhurst,6044557
2022/10/14,Colorado Col.,St. Lawrence,6044558
2022/10/14,Sacred Heart,Holy Cross,6044559
2022/10/14,LIU,Rensselaer,6044560
2022/10/14,Ohio St.,UConn,6044553
2022/10/14,Western Mich.,Bowling Green,6044561
2022/10/14,Canisius,Ferris St.,6044565
2022/10/14,Omaha,Lake Superior St.,6044562
2022/10/14,Northern Mich.,Notre Dame,6044550
2022/10/14,St. Cloud St.,Wisconsin,6044555
2022/10/14,TBA,St. Thomas (MN),6079463
2022/10/14,Quinnipiac,North Dakota,6044563
2022/10/14,Minn. Duluth,Minnesota St.,6044564
2022/10/14,Air Force,Lindenwood,6044567
2022/10/14,Colgate,Arizona St.,6045490
2022/10/14,UNLV,Alas. Anchorage,6048396
2022/10/14,Michigan Tech,Alas. Fairbanks,6044566
2022/10/14,American Int'l,Niagara,6044554
2022/10/14,Denver,Massachusetts,6044556
2022/10/14,UMass Lowell,Michigan St.,6044552
2022/10/15,Air Force,Lindenwood,6044572
2022/10/15,Ohio St.,UConn,6044568
2022/10/15,Maine,Bentley,6044573
2022/10/15,Omaha,Lake Superior St.,6044574
2022/10/15,Union (NY),RIT,6044579
2022/10/15,Colorado Col.,St. Lawrence,6044577
2022/10/15,Boston College,New Hampshire,6044578
2022/10/15,Army West Point,Rensselaer,6044580
2022/10/15,Quinnipiac,North Dakota,6044575
2022/10/15,Minn. Duluth,Minnesota St.,6044576
2022/10/15,Canisius,Ferris St.,6044581
2022/10/15,Providence,Northeastern,6044582
2022/10/15,St. Cloud St.,Wisconsin,6044570
2022/10/15,Colgate,Arizona St.,6045495
2022/10/15,UNLV,Alas. Anchorage,6048401
2022/10/15,Denver,Massachusetts,6044571
2022/10/15,American Int'l,Niagara,6044569
2022/10/16,Northern Mich.,Notre Dame,6044583
2022/10/16,Boston U.,Michigan,6044584
2022/10/18,Rensselaer,Canisius,6044585
2022/10/18,Boston College,Northeastern,6044586
2022/10/18,New Hampshire,Merrimack,6044588
2022/10/18,Holy Cross,American Int'l,6044589
2022/10/18,Mercyhurst,Fredonia,6044587
2022/10/20,St. Thomas (MN),Penn St.,6044591
2022/10/20,RIT,Air Force,6044592
2022/10/20,Bentley,Ohio St.,6044590
2022/10/21,Colgate,Merrimack,6044606
2022/10/21,Bentley,Ohio St.,6044596
2022/10/21,Miami (OH),Canisius,6044600
2022/10/21,Mercyhurst,Clarkson,6044601
2022/10/21,St. Thomas (MN),Penn St.,6044602
2022/10/21,Army West Point,New Hampshire,6044603
2022/10/21,Western Mich.,Notre Dame,6044594
2022/10/21,Alas. Anchorage,Northern Mich.,6044611
2022/10/21,Bemidji St.,Michigan Tech,6044609
2022/10/21,Michigan,Lake Superior St.,6044608
2022/10/21,Sacred Heart,Niagara,6044613
2022/10/21,North Dakota,Minnesota,6044593
2022/10/21,Wisconsin,Minn. Duluth,6044604
2022/10/21,Alas. Fairbanks,Omaha,6044610
2022/10/21,Minnesota St.,St. Cloud St.,6044612
2022/10/21,Providence,Denver,6044605
2022/10/21,RIT,Air Force,6044607
2022/10/21,Colorado Col.,Arizona St.,6044597
2022/10/21,UConn,Boston U.,6044598
2022/10/21,Union (NY),Massachusetts,6044599
2022/10/21,LIU,Michigan St.,6044595
2022/10/22,Miami (OH),Canisius,6044621
2022/10/22,Sacred Heart,Niagara,6044622
2022/10/22,Notre Dame,Western Mich.,6044617
2022/10/22,Michigan,Lake Superior St.,6044626
2022/10/22,Bemidji St.,Michigan Tech,6044627
2022/10/22,Alas. Anchorage,Northern Mich.,6044628
2022/10/22,Wisconsin,Minn. Duluth,6044623
2022/10/22,Union (NY),Massachusetts,6044620
2022/10/22,Minnesota St.,St. Cloud St.,6044625
2022/10/22,Quinnipiac,Maine,6044630
2022/10/22,UMass Lowell,Northeastern,6044631
2022/10/22,Holy Cross,Vermont,6044632
2022/10/22,Colgate,Merrimack,6044633
2022/10/22,Mercyhurst,Clarkson,6044634
2022/10/22,Providence,Denver,6044624
2022/10/22,North Dakota,Minnesota,6044614
2022/10/22,Colorado Col.,Arizona St.,6044618
2022/10/22,LIU,Michigan St.,6044616
2022/10/22,UConn,Boston U.,6044619
2022/10/22,Lindenwood,American Int'l,6044615
2022/10/23,New Hampshire,Boston College,6044636
2022/10/23,Alas. Fairbanks,Omaha,6044637
2022/10/23,Quinnipiac,Maine,6044638
2022/10/23,Lindenwood,American Int'l,6044635
2022/10/27,Boston College,UConn,6044639
2022/10/28,Minnesota,Ohio St.,6044644
2022/10/28,Union (NY),Rensselaer,6044654
2022/10/28,Holy Cross,RIT,6044655
2022/10/28,Vermont,Colgate,6044646
2022/10/28,Merrimack,Massachusetts,6044647
2022/10/28,Canisius,Sacred Heart,6044648
2022/10/28,Northeastern,Maine,6044649
2022/10/28,Clarkson,Lake Superior St.,6044650
2022/10/28,Dartmouth,Harvard,6044651
2022/10/28,American Int'l,Army West Point,6044652
2022/10/28,Denver,Miami (OH),6044657
2022/10/28,Lindenwood,Bentley,6044656
2022/10/28,St. Lawrence,Michigan Tech,6044658
2022/10/28,St. Thomas (MN),Ferris St.,6044661
2022/10/28,Alas. Fairbanks,Northern Mich.,6044662
2022/10/28,Michigan St.,Notre Dame,6044640
2022/10/28,Mercyhurst,Niagara,6044664
2022/10/28,Omaha,LIU,6044665
2022/10/28,Cornell,Minn. Duluth,6044653
2022/10/28,Penn St.,Wisconsin,6044645
2022/10/28,Bowling Green,Minnesota St.,6044659
2022/10/28,St. Cloud St.,Bemidji St.,6044660
2022/10/28,Air Force,Colorado Col.,6044663
2022/10/28,Boston U.,UMass Lowell,6044642
2022/10/28,Providence,New Hampshire,6044643
2022/10/28,Western Mich.,Michigan,6044641
2022/10/29,Vermont,Colgate,6044670
2022/10/29,Canisius,Sacred Heart,6044673
2022/10/29,Lindenwood,Bentley,6044674
2022/10/29,Minnesota,Ohio St.,6044668
2022/10/29,Denver,Miami (OH),6044675
2022/10/29,Michigan,Western Mich.,6044671
2022/10/29,Michigan St.,Notre Dame,6044667
2022/10/29,St. Lawrence,Michigan Tech,6044676
2022/10/29,St. Thomas (MN),Ferris St.,6044678
2022/10/29,Alas. Fairbanks,Northern Mich.,6044679
2022/10/29,Clarkson,Lake Superior St.,6044683
2022/10/29,Holy Cross,RIT,6044688
2022/10/29,New Hampshire,Providence,6044666
2022/10/29,Brown,Yale,6044689
2022/10/29,Northeastern,Maine,6044682
2022/10/29,Massachusetts,Merrimack,6044687
2022/10/29,Rensselaer,Union (NY),6044685
2022/10/29,Omaha,LIU,6044681
2022/10/29,Niagara,Mercyhurst,6044690
2022/10/29,Bowling Green,Minnesota St.,6044677
2022/10/29,Bemidji St.,St. Cloud St.,6044680
2022/10/29,Princeton,Harvard,6044684
2022/10/29,Cornell,Minn. Duluth,6044686
2022/10/29,Penn St.,Wisconsin,6044669
2022/10/29,Colorado Col.,Air Force,6044691
2022/10/29,Arizona St.,North Dakota,6044692
2022/10/29,UMass Lowell,Boston U.,6044672
2022/10/30,Dartmouth,Army West Point,6044693
2022/10/30,Yale,Brown,6044694
2022/11/03,Boston College,Merrimack,6044695
2022/11/04,Yale,Dartmouth,6044710
2022/11/04,Massachusetts,Providence,6044697
2022/11/04,Holy Cross,Canisius,6044701
2022/11/04,Rensselaer,St. Lawrence,6044702
2022/11/04,Union (NY),Clarkson,6044703
2022/11/04,Brown,Harvard,6044704
2022/11/04,Lindenwood,Army West Point,6044705
2022/11/04,Cornell,Princeton,6044706
2022/11/04,Michigan,Penn St.,6044707
2022/11/04,New Hampshire,Northeastern,6044708
2022/11/04,Colgate,Quinnipiac,6045496
2022/11/04,Sacred Heart,Mercyhurst,6044711
2022/11/04,Niagara,Bentley,6044712
2022/11/04,Maine,UConn,6044699
2022/11/04,Michigan Tech,Bowling Green,6044714
2022/11/04,Northern Mich.,Lake Superior St.,6044715
2022/11/04,Vermont,UMass Lowell,6081488
2022/11/04,Notre Dame,Minnesota,6044696
2022/11/04,Ferris St.,Bemidji St.,6044716
2022/11/04,North Dakota,Omaha,6044717
2022/11/04,Minnesota St.,St. Thomas (MN),6044718
2022/11/04,St. Cloud St.,Denver,6044709
2022/11/04,Alas. Anchorage,Air Force,6044713
2022/11/04,Minn. Duluth,Colorado Col.,6044720
2022/11/04,Miami (OH),Western Mich.,6044700
2022/11/04,Wisconsin,Michigan St.,6044698
2022/11/05,Merrimack,Boston College,6044740
2022/11/05,RIT,American Int'l,6044728
2022/11/05,Holy Cross,Canisius,6044729
2022/11/05,Lindenwood,Army West Point,6044730
2022/11/05,Maine,UConn,6044725
2022/11/05,Sacred Heart,Mercyhurst,6044731
2022/11/05,Brown,Dartmouth,6044732
2022/11/05,Niagara,Bentley,6044721
2022/11/05,Vermont,UMass Lowell,6044734
2022/11/05,Northern Mich.,Lake Superior St.,6044737
2022/11/05,Yale,Harvard,6044742
2022/11/05,Cornell,Quinnipiac,6048421
2022/11/05,Northeastern,New Hampshire,6044745
2022/11/05,Colgate,Princeton,6044743
2022/11/05,Rensselaer,Clarkson,6044741
2022/11/05,Providence,Massachusetts,6044727
2022/11/05,Alas. Anchorage,Air Force,6044733
2022/11/05,St. Thomas (MN),Minnesota St.,6044738
2022/11/05,Ferris St.,Bemidji St.,6044739
2022/11/05,Michigan Tech,Bowling Green,6044746
2022/11/05,Union (NY),St. Lawrence,6044748
2022/11/05,Minn. Duluth,Colorado Col.,6044735
2022/11/05,Notre Dame,Minnesota,6044722
2022/11/05,St. Cloud St.,Denver,6044736
2022/11/05,North Dakota,Omaha,6044747
2022/11/05,Wisconsin,Michigan St.,6044724
2022/11/05,Miami (OH),Western Mich.,6044726
2022/11/05,Michigan,Penn St.,6044723
2022/11/06,RIT,American Int'l,6044749
2022/11/10,Penn St.,Minnesota,6044750
2022/11/10,Ohio St.,Michigan St.,6044751
2022/11/11,UConn,Providence,6081900
2022/11/11,New Hampshire,Vermont,6044763
2022/11/11,Harvard,Rensselaer,6044769
2022/11/11,Sacred Heart,RIT,6044767
2022/11/11,Quinnipiac,Brown,6044766
2022/11/11,Dartmouth,Union (NY),6044764
2022/11/11,Princeton,Yale,6044768
2022/11/11,Boston College,Northeastern,6044762
2022/11/11,Colgate,Clarkson,6044761
2022/11/11,Cornell,St. Lawrence,6044760
2022/11/11,American Int'l,Canisius,6044759
2022/11/11,Boston U.,Massachusetts,6044758
2022/11/11,Colorado Col.,Miami (OH),6044770
2022/11/11,St. Thomas (MN),Bowling Green,6044772
2022/11/11,Lake Superior St.,Michigan Tech,6044774
2022/11/11,Bemidji St.,Northern Mich.,6044775
2022/11/11,Michigan,Notre Dame,6044757
2022/11/11,Penn St.,Minnesota,6044752
2022/11/11,LIU,Wisconsin,6044756
2022/11/11,Omaha,Minn. Duluth,6044765
2022/11/11,Denver,North Dakota,6044773
2022/11/11,Western Mich.,St. Cloud St.,6044776
2022/11/11,Alas. Anchorage,Arizona St.,6045506
2022/11/11,Bentley,Air Force,6044771
2022/11/11,Maine,Merrimack,6044755
2022/11/11,Ohio St.,Michigan St.,6044754
2022/11/12,American Int'l,Canisius,6044783
2022/11/12,Providence,UConn,6044777
2022/11/12,Sacred Heart,RIT,6044784
2022/11/12,Colorado Col.,Miami (OH),6044785
2022/11/12,Michigan,Notre Dame,6044781
2022/11/12,Lake Superior St.,Michigan Tech,6044789
2022/11/12,Bemidji St.,Northern Mich.,6044790
2022/11/12,Colgate,St. Lawrence,6044792
2022/11/12,New Hampshire,Vermont,6044794
2022/11/12,Quinnipiac,Yale,6048422
2022/11/12,Dartmouth,Rensselaer,6044797
2022/11/12,Princeton,Brown,6044796
2022/11/12,Harvard,Union (NY),6044795
2022/11/12,Northeastern,Boston College,6044791
2022/11/12,Cornell,Clarkson,6044793
2022/11/12,Western Mich.,St. Cloud St.,6044787
2022/11/12,Omaha,Minn. Duluth,6044786
2022/11/12,Massachusetts,Boston U.,6044780
2022/11/12,Denver,North Dakota,6044788
2022/11/12,St. Thomas (MN),Bowling Green,6044798
2022/11/12,LIU,Wisconsin,6044779
2022/11/12,Alas. Anchorage,Arizona St.,6045493
2022/11/12,Bentley,Air Force,6044799
2022/11/12,Maine,Merrimack,6044778
2022/11/15,UMass Lowell,Boston College,6044800
2022/11/15,Harvard,New Hampshire,6044801
2022/11/15,Holy Cross,American Int'l,6044802
2022/11/17,Merrimack,Sacred Heart,6044804
2022/11/17,Minnesota,Michigan,6044803
2022/11/18,Mercyhurst,Holy Cross,6044812
2022/11/18,Quinnipiac,Princeton,6044815
2022/11/18,Arizona St.,Clarkson,6044813
2022/11/18,Alas. Fairbanks,Rensselaer,6044818
2022/11/18,Brown,Colgate,6044817
2022/11/18,Michigan St.,Penn St.,6044816
2022/11/18,Bentley,Army West Point,6044814
2022/11/18,Northeastern,Boston U.,6044811
2022/11/18,Minn. Duluth,Western Mich.,6044810
2022/11/18,Notre Dame,Ohio St.,6044808
2022/11/18,Vermont,Providence,6044805
2022/11/18,Yale,Cornell,6082175
2022/11/18,Bowling Green,Ferris St.,6044821
2022/11/18,UConn,UMass Lowell,6044823
2022/11/18,Lindenwood,Wisconsin,6044809
2022/11/18,Northern Mich.,Minnesota St.,6044820
2022/11/18,Michigan Tech,St. Thomas (MN),6044822
2022/11/18,Miami (OH),North Dakota,6044819
2022/11/18,St. Cloud St.,Colorado Col.,6044824
2022/11/18,Massachusetts,New Hampshire,6044807
2022/11/18,Minnesota,Michigan,6044806
2022/11/19,Air Force,American Int'l,6044833
2022/11/19,Mercyhurst,Holy Cross,6044834
2022/11/19,UMass Lowell,UConn,6044829
2022/11/19,Notre Dame,Ohio St.,6044828
2022/11/19,Minn. Duluth,Western Mich.,6044832
2022/11/19,Bowling Green,Ferris St.,6044838
2022/11/19,LIU,Assumption,6044830
2022/11/19,Vermont,Providence,6044825
2022/11/19,Brown,Cornell,6044843
2022/11/19,Princeton,Quinnipiac,6044845
2022/11/19,Alas. Fairbanks,Rensselaer,6044844
2022/11/19,Yale,Colgate,6045497
2022/11/19,Bentley,Army West Point,6044841
2022/11/19,Arizona St.,Clarkson,6044840
2022/11/19,Michigan Tech,St. Thomas (MN),6044839
2022/11/19,Miami (OH),North Dakota,6044836
2022/11/19,Northern Mich.,Minnesota St.,6044837
2022/11/19,Lindenwood,Wisconsin,6044831
2022/11/19,St. Cloud St.,Colorado Col.,6044835
2022/11/19,Boston U.,Northeastern,6044827
2022/11/19,Michigan St.,Penn St.,6044826
2022/11/20,Air Force,American Int'l,6044846
2022/11/22,Holy Cross,Merrimack,6044847
2022/11/22,Alas. Fairbanks,Penn St.,6044848
2022/11/22,Sacred Heart,Cornell,6044849
2022/11/23,Notre Dame,Boston U.,6044850
2022/11/23,Alas. Fairbanks,Penn St.,6044851
2022/11/25,Dartmouth,Quinnipiac,6044856
2022/11/25,Army West Point,Canisius,6044857
2022/11/25,Holy Cross,Brown,6044858
2022/11/25,Colgate,Niagara,6045503
2022/11/25,Notre Dame,Boston College,6044859
2022/11/25,Princeton,RIT,6044864
2022/11/25,Rensselaer,Vermont,6044862
2022/11/25,Harvard,Michigan,6044861
2022/11/25,St. Lawrence,Providence,6044860
2022/11/25,UMass Lowell,Massachusetts,6044854
2022/11/25,Air Force,Mercyhurst,6044865
2022/11/25,Michigan St.,Miami (OH),6044866
2022/11/25,Minnesota St.,Michigan Tech,6044867
2022/11/25,Western Mich.,Northeastern,6044855
2022/11/25,Ohio St.,LIU,6044870
2022/11/25,Lake Superior St.,St. Thomas (MN),6044868
2022/11/25,North Dakota,Bemidji St.,6044869
2022/11/25,Omaha,Denver,6044863
2022/11/25,Minnesota,Arizona St.,6044853
2022/11/25,Bentley,Sacred Heart,6044852
2022/11/26,Dartmouth,UMass Lowell,6044877
2022/11/26,Army West Point,Canisius,6044878
2022/11/26,Bentley,Sacred Heart,6044871
2022/11/26,Massachusetts,Quinnipiac,6082457
2022/11/26,American Int'l,Maine,6044879
2022/11/26,Colgate,Niagara,6045504
2022/11/26,Air Force,Mercyhurst,6044880
2022/11/26,Princeton,RIT,6044881
2022/11/26,Michigan St.,Miami (OH),6044882
2022/11/26,Minnesota St.,Michigan Tech,6044885
2022/11/26,Brown,Providence,6044872
2022/11/26,Harvard,Michigan,6044887
2022/11/26,New Hampshire,Holy Cross,6044888
2022/11/26,Bemidji St.,North Dakota,6044884
2022/11/26,Lake Superior St.,St. Thomas (MN),6044886
2022/11/26,UConn,Cornell,6044876
2022/11/26,Omaha,Denver,6044883
2022/11/26,Ohio St.,LIU,6044889
2022/11/26,Minnesota,Arizona St.,6044873
2022/11/27,Vermont,Rensselaer,6044890
2022/11/29,Boston College,Brown,6044892
2022/11/29,UConn,Merrimack,6044891
2022/12/01,Bentley,American Int'l,6044893
2022/12/02,Minnesota,Michigan St.,6044896
2022/12/02,Dartmouth,Colgate,6044908
2022/12/02,Providence,Boston College,6044899
2022/12/02,Niagara,Army West Point,6044900
2022/12/02,Clarkson,Princeton,6044901
2022/12/02,Ohio St.,Penn St.,6044902
2022/12/02,St. Lawrence,Quinnipiac,6044905
2022/12/02,Canisius,RIT,6044906
2022/12/02,Harvard,Cornell,6044907
2022/12/02,American Int'l,Bentley,6044909
2022/12/02,Merrimack,UConn,6044919
2022/12/02,Michigan Tech,Northern Mich.,6044898
2022/12/02,Bowling Green,Lake Superior St.,6044911
2022/12/02,Michigan,Wisconsin,6044897
2022/12/02,Colorado Col.,Minn. Duluth,6044903
2022/12/02,Ferris St.,Minnesota St.,6044912
2022/12/02,St. Thomas (MN),Bemidji St.,6044913
2022/12/02,Western Mich.,Omaha,6044914
2022/12/02,North Dakota,St. Cloud St.,6044915
2022/12/02,Arizona St.,Denver,6044904
2022/12/02,Holy Cross,Air Force,6044910
2022/12/02,Simon Fraser,Alas. Anchorage,6048399
2022/12/02,Maine,Vermont,6044895
2022/12/02,Boston U.,New Hampshire,6044894
2022/12/03,Niagara,Army West Point,6044923
2022/12/03,Michigan,Wisconsin,6044920
2022/12/03,Minnesota,Michigan St.,6044918
2022/12/03,New Hampshire,Boston U.,6044921
2022/12/03,Bowling Green,Lake Superior St.,6044928
2022/12/03,Northern Mich.,Michigan Tech,6044929
2022/12/03,Harvard,Colgate,6044937
2022/12/03,Clarkson,Quinnipiac,6044938
2022/12/03,North Dakota,St. Cloud St.,6044927
2022/12/03,UMass Lowell,Massachusetts,6044922
2022/12/03,RIT,Canisius,6082653
2022/12/03,Dartmouth,Cornell,6044936
2022/12/03,Northeastern,Union (NY),6044934
2022/12/03,St. Lawrence,Princeton,6044933
2022/12/03,Boston College,Providence,6044932
2022/12/03,Holy Cross,Air Force,6044924
2022/12/03,Ferris St.,Minnesota St.,6044930
2022/12/03,St. Thomas (MN),Bemidji St.,6044931
2022/12/03,Arizona St.,Denver,6044926
2022/12/03,Colorado Col.,Minn. Duluth,6044935
2022/12/03,Brown,LIU,6044940
2022/12/03,Western Mich.,Omaha,6044939
2022/12/03,Simon Fraser,Alas. Anchorage,6048400
2022/12/03,Maine,Vermont,6044917
2022/12/03,Ohio St.,Penn St.,6044916
2022/12/04,Brown,LIU,6044941
2022/12/06,Northeastern,Sacred Heart,6044942
2022/12/07,Merrimack,Massachusetts,6044943
2022/12/08,Niagara,American Int'l,6044945
2022/12/09,Niagara,American Int'l,6044951
2022/12/09,Michigan,Michigan St.,6044949
2022/12/09,Rensselaer,Quinnipiac,6048423
2022/12/09,Boston U.,Boston College,6044946
2022/12/09,Yale,St. Lawrence,6044952
2022/12/09,Brown,Clarkson,6044953
2022/12/09,Union (NY),Princeton,6044954
2022/12/09,Arizona St.,New Hampshire,6044955
2022/12/09,UMass Lowell,Dartmouth,6044957
2022/12/09,St. Cloud St.,Miami (OH),6044959
2022/12/09,Penn St.,Notre Dame,6044948
2022/12/09,Army West Point,Mercyhurst,6044958
2022/12/09,Minnesota St.,Bowling Green,6044960
2022/12/09,Northern Mich.,Ferris St.,6044962
2022/12/09,Denver,Minn. Duluth,6044956
2022/12/09,Lake Superior St.,Bemidji St.,6044961
2022/12/09,Wisconsin,Minnesota,6044947
2022/12/09,Omaha,Colorado Col.,6044964
2022/12/09,Alas. Anchorage,Alas. Fairbanks,6044963
2022/12/09,North Dakota,Western Mich.,6044950
2022/12/10,Canisius,Maine,6044966
2022/12/10,Arizona St.,New Hampshire,6044971
2022/12/10,St. Cloud St.,Miami (OH),6044972
2022/12/10,Penn St.,Notre Dame,6044968
2022/12/10,Northern Mich.,Ferris St.,6044975
2022/12/10,Brown,St. Lawrence,6044977
2022/12/10,Yale,Clarkson,6044978
2022/12/10,Union (NY),Quinnipiac,6044981
2022/12/10,Rensselaer,Princeton,6044979
2022/12/10,Merrimack,Providence,6044967
2022/12/10,Franklin Pierce,LIU,6044976
2022/12/10,Wisconsin,Minnesota,6044965
2022/12/10,Army West Point,Mercyhurst,6044982
2022/12/10,Lake Superior St.,Bemidji St.,6044974
2022/12/10,Minnesota St.,Bowling Green,6044983
2022/12/10,Denver,Minn. Duluth,6044980
2022/12/10,Omaha,Colorado Col.,6044973
2022/12/10,Alas. Anchorage,Alas. Fairbanks,6044984
2022/12/10,North Dakota,Western Mich.,6044970
2022/12/10,Michigan St.,Michigan,6044969
2022/12/11,Boston U.,UConn,6044985
2022/12/11,Dartmouth,Vermont,6044986
2022/12/11,Franklin Pierce,LIU,6044987
2022/12/15,Bemidji St.,Minnesota St.,6044988
2022/12/16,Ohio St.,Bowling Green,6044990
2022/12/16,Michigan Tech,Lake Superior St.,6044991
2022/12/16,Bemidji St.,Minnesota St.,6044992
2022/12/16,Ferris St.,St. Thomas (MN),6044993
2022/12/16,Lindenwood,Denver,6044989
2022/12/16,Alas. Fairbanks,Alas. Anchorage,6044994
2022/12/17,Michigan Tech,Lake Superior St.,6044997
2022/12/17,Bowling Green,Ohio St.,6044995
2022/12/17,Ferris St.,St. Thomas (MN),6044998
2022/12/17,Lindenwood,Denver,6044996
2022/12/17,Alas. Fairbanks,Alas. Anchorage,6044999
2022/12/18,Northeastern,LIU,6045000
2022/12/27,Western Mich.,Michigan Tech,6045001
2022/12/27,Michigan St.,Ferris St.,6045002
2022/12/28,Michigan St.,Michigan Tech,6045004
2022/12/28,Clarkson,Massachusetts,6045007
2022/12/28,Western Mich.,Ferris St.,6045006
2022/12/28,Lake Superior St.,Wisconsin,6045005
2022/12/29,Lake Superior St.,Massachusetts,6082715
2022/12/29,American Int'l,Cornell,6045009
2022/12/29,UConn,LIU,6045013
2022/12/29,Mercyhurst,Sacred Heart,6045014
2022/12/29,Rensselaer,Bowling Green,6045015
2022/12/29,Clarkson,Wisconsin,6082716
2022/12/30,Mercyhurst,Sacred Heart,6045016
2022/12/30,Providence,Yale,6045020
2022/12/30,New Hampshire,Union (NY),6045022
2022/12/30,Penn St.,RIT,6045023
2022/12/30,Alas. Anchorage,UMass Lowell,6045507
2022/12/30,Quinnipiac,Holy Cross,6045028
2022/12/30,Lindenwood,Vermont,6045025
2022/12/30,Harvard,Boston U.,6045019
2022/12/30,Maine,Colgate,6045018
2022/12/30,American Int'l,Cornell,6045017
2022/12/30,Northeastern,Bentley,6045030
2022/12/30,Niagara,Miami (OH),6045031
2022/12/30,Rensselaer,Bowling Green,6045032
2022/12/30,Merrimack,Dartmouth,6045033
2022/12/30,St. Lawrence,Omaha,6045027
2022/12/30,Princeton,Colorado Col.,6045024
2022/12/30,Boston College,Arizona St.,6045029
2022/12/31,LIU,UConn,6045036
2022/12/31,Alas. Anchorage,UMass Lowell,6045508
2022/12/31,Maine,Colgate,6045037
2022/12/31,Merrimack,Providence,6045038
2022/12/31,Lindenwood,Vermont,6045041
2022/12/31,New Hampshire,Union (NY),6045042
2022/12/31,Niagara,Miami (OH),6045044
2022/12/31,Alas. Fairbanks,Notre Dame,6045034
2022/12/31,Princeton,Colorado Col.,6045043
2022/12/31,Yale,Dartmouth,6082940
2022/12/31,St. Lawrence,Omaha,6045047
2022/12/31,Boston College,Arizona St.,6045046
2022/12/31,RIT,Penn St.,6045035
2023/01/01,Northeastern,Harvard,6045049
2023/01/01,Alas. Fairbanks,Notre Dame,6045048
2023/01/02,Army West Point,Yale,6045050
2023/01/03,Brown,Massachusetts,6045051
2023/01/05,Army West Point,Sacred Heart,6045052
2023/01/05,St. Lawrence,Niagara,6044842
2023/01/06,Boston U.,Air Force,6045059
2023/01/06,Cornell,Union (NY),6045062
2023/01/06,Colgate,Rensselaer,6045498
2023/01/06,Yale,Merrimack,6045064
2023/01/06,Dartmouth,Quinnipiac,6045065
2023/01/06,Harvard,Princeton,6045061
2023/01/06,Alas. Anchorage,Maine,6045060
2023/01/06,Michigan St.,Ohio St.,6045055
2023/01/06,New Hampshire,Providence,6045053
2023/01/06,RIT,Bentley,6045066
2023/01/06,Minnesota St.,Northern Mich.,6045056
2023/01/06,Lake Superior St.,Bowling Green,6045067
2023/01/06,Notre Dame,Wisconsin,6045057
2023/01/06,Lindenwood,North Dakota,6045068
2023/01/06,Minn. Duluth,Bemidji St.,6045069
2023/01/06,Michigan Tech,Arizona St.,6045058
2023/01/06,Alas. Fairbanks,Denver,6045063
2023/01/07,UMass Lowell,American Int'l,6045070
2023/01/07,Michigan St.,Ohio St.,6045071
2023/01/07,Colgate,Union (NY),6045079
2023/01/07,Clarkson,Holy Cross,6045080
2023/01/07,RIT,Bentley,6045081
2023/01/07,Alas. Anchorage,Maine,6045082
2023/01/07,Massachusetts,Boston College,6045074
2023/01/07,Minnesota St.,Northern Mich.,6045072
2023/01/07,Notre Dame,Wisconsin,6045073
2023/01/07,Dartmouth,Princeton,6045089
2023/01/07,Harvard,Quinnipiac,6045091
2023/01/07,Brown,Merrimack,6045090
2023/01/07,Cornell,Rensselaer,6082572
2023/01/07,Niagara,St. Lawrence,6045088
2023/01/07,Minnesota,St. Cloud St.,6045084
2023/01/07,Lake Superior St.,Bowling Green,6045092
2023/01/07,Lindenwood,North Dakota,6045085
2023/01/07,Bemidji St.,Minn. Duluth,6045086
2023/01/07,Alas. Fairbanks,Denver,6045083
2023/01/07,Air Force,Arizona St.,6085172
2023/01/07,Boston U.,Michigan Tech,6045077
2023/01/07,Northeastern,UConn,6045075
2023/01/08,St. Cloud St.,Minnesota,6045093
2023/01/08,Providence,Army West Point,6045095
2023/01/08,Sacred Heart,New Hampshire,6045096
2023/01/08,Yale,Vermont,6045094
2023/01/11,Massachusetts,Boston U.,6045097
2023/01/13,Rensselaer,Yale,6085178
2023/01/13,Penn St.,Michigan St.,6045100
2023/01/13,UMass Lowell,Maine,6045103
2023/01/13,Clarkson,Harvard,6045104
2023/01/13,Canisius,Army West Point,6045105
2023/01/13,LIU,Princeton,6045106
2023/01/13,Union (NY),Brown,6045108
2023/01/13,Providence,Merrimack,6045111
2023/01/13,Mercyhurst,RIT,6045113
2023/01/13,Air Force,Holy Cross,6045112
2023/01/13,Bemidji St.,Bowling Green,6045114
2023/01/13,Ferris St.,Lake Superior St.,6045115
2023/01/13,St. Thomas (MN),Michigan Tech,6045117
2023/01/13,Minnesota,Notre Dame,6045098
2023/01/13,St. Lawrence,Dartmouth,6045110
2023/01/13,Western Mich.,North Dakota,6045116
2023/01/13,Minn. Duluth,Omaha,6045118
2023/01/13,Colorado Col.,St. Cloud St.,6045119
2023/01/13,Miami (OH),Denver,6045109
2023/01/13,Minnesota St.,Arizona St.,6045102
2023/01/13,Bentley,Niagara,6045101
2023/01/14,Cornell,Boston U.,6045127
2023/01/14,Canisius,Army West Point,6045128
2023/01/14,Ohio St.,Michigan,6045099
2023/01/14,Mercyhurst,RIT,6045130
2023/01/14,Bentley,Niagara,6045125
2023/01/14,Minnesota,Notre Dame,6045120
2023/01/14,Ferris St.,Lake Superior St.,6045133
2023/01/14,St. Thomas (MN),Michigan Tech,6045135
2023/01/14,Quinnipiac,LIU,6045136
2023/01/14,UMass Lowell,Maine,6045138
2023/01/14,Union (NY),Yale,6045142
2023/01/14,Providence,Merrimack,6045141
2023/01/14,Rensselaer,Brown,6045140
2023/01/14,St. Lawrence,Harvard,6045139
2023/01/14,Clarkson,Dartmouth,6045129
2023/01/14,Boston College,Sacred Heart,6045137
2023/01/14,Colorado Col.,St. Cloud St.,6045132
2023/01/14,Penn St.,Michigan St.,6045123
2023/01/14,Western Mich.,North Dakota,6045134
2023/01/14,Bemidji St.,Bowling Green,6045143
2023/01/14,Northeastern,UConn,6045124
2023/01/14,Miami (OH),Denver,6045131
2023/01/14,Minn. Duluth,Omaha,6045144
2023/01/14,Minnesota St.,Arizona St.,6045126
2023/01/14,American Int'l,Vermont,6045122
2023/01/14,Ohio St.,Michigan,6045121
2023/01/15,New Hampshire,Massachusetts,6045145
2023/01/15,Air Force,Holy Cross,6045146
2023/01/17,American Int'l,Army West Point,6045147
2023/01/17,Providence,Princeton,6045148
2023/01/19,Bowling Green,St. Thomas (MN),6045149
2023/01/20,Lindenwood,LIU,6045154
2023/01/20,Quinnipiac,Cornell,6048424
2023/01/20,Maine,Boston U.,6045152
2023/01/20,UConn,Massachusetts,6045153
2023/01/20,Vermont,Boston College,6045155
2023/01/20,Canisius,Bentley,6045156
2023/01/20,Holy Cross,Sacred Heart,6045157
2023/01/20,Notre Dame,Penn St.,6045158
2023/01/20,St. Lawrence,Union (NY),6045159
2023/01/20,Dartmouth,Brown,6045160
2023/01/20,Northeastern,Merrimack,6045161
2023/01/20,Harvard,Yale,6045162
2023/01/20,Princeton,Colgate,6045163
2023/01/20,Clarkson,Rensselaer,6045164
2023/01/20,American Int'l,Mercyhurst,6045165
2023/01/20,Michigan Tech,Ferris St.,6045170
2023/01/20,New Hampshire,UMass Lowell,6045173
2023/01/20,Michigan,Minnesota,6045150
2023/01/20,Ohio St.,Wisconsin,6045151
2023/01/20,Minn. Duluth,North Dakota,6045167
2023/01/20,Lake Superior St.,Minnesota St.,6045168
2023/01/20,Northern Mich.,Bemidji St.,6045169
2023/01/20,Miami (OH),Omaha,6045171
2023/01/20,Bowling Green,St. Thomas (MN),6045172
2023/01/20,Denver,St. Cloud St.,6045175
2023/01/20,RIT,Arizona St.,6085370
2023/01/20,Niagara,Air Force,6045166
2023/01/20,Western Mich.,Colorado Col.,6045174
2023/01/21,Canisius,Bentley,6045180
2023/01/21,Clarkson,Union (NY),6045181
2023/01/21,American Int'l,Mercyhurst,6045182
2023/01/21,Massachusetts,UConn,6045179
2023/01/21,Vermont,Boston College,6045191
2023/01/21,Notre Dame,Penn St.,6045183
2023/01/21,Maine,Boston U.,6045178
2023/01/21,RIT,Arizona St.,6085371
2023/01/21,Niagara,Air Force,6045184
2023/01/21,Michigan Tech,Ferris St.,6045190
2023/01/21,St. Lawrence,Rensselaer,6045196
2023/01/21,Quinnipiac,Colgate,6045491
2023/01/21,Princeton,Cornell,6045198
2023/01/21,Dartmouth,Yale,6045197
2023/01/21,UMass Lowell,New Hampshire,6045194
2023/01/21,Harvard,Brown,6045195
2023/01/21,Merrimack,Northeastern,6045193
2023/01/21,Holy Cross,Sacred Heart,6045192
2023/01/21,Denver,St. Cloud St.,6045186
2023/01/21,Minn. Duluth,North Dakota,6045187
2023/01/21,Lake Superior St.,Minnesota St.,6045188
2023/01/21,Northern Mich.,Bemidji St.,6045189
2023/01/21,Western Mich.,Colorado Col.,6045185
2023/01/21,Lindenwood,LIU,6045200
2023/01/21,Michigan,Minnesota,6045176
2023/01/21,Ohio St.,Wisconsin,6045177
2023/01/21,Miami (OH),Omaha,6045199
2023/01/27,Yale,UConn,6045210
2023/01/27,Merrimack,Vermont,6045216
2023/01/27,Providence,Maine,6045212
2023/01/27,Cornell,Dartmouth,6045219
2023/01/27,Air Force,Army West Point,6045215
2023/01/27,Clarkson,St. Lawrence,6045213
2023/01/27,Colgate,Harvard,6045214
2023/01/27,Niagara,Canisius,6045211
2023/01/27,RIT,Holy Cross,6045205
2023/01/27,Massachusetts,UMass Lowell,6045204
2023/01/27,Sacred Heart,Quinnipiac,6085383
2023/01/27,Bentley,Mercyhurst,6045220
2023/01/27,Bemidji St.,Lake Superior St.,6045223
2023/01/27,Northern Mich.,Michigan Tech,6045224
2023/01/27,Minnesota St.,Ferris St.,6045225
2023/01/27,North Dakota,Miami (OH),6045221
2023/01/27,Wisconsin,Notre Dame,6045202
2023/01/27,St. Cloud St.,Minn. Duluth,6045217
2023/01/27,Michigan St.,Minnesota,6045201
2023/01/27,St. Thomas (MN),Arizona St.,6045207
2023/01/27,Colorado Col.,Denver,6045218
2023/01/27,Alas. Fairbanks,Alas. Anchorage,6045226
2023/01/27,Omaha,Western Mich.,6045206
2023/01/27,Boston College,Boston U.,6045208
2023/01/27,Penn St.,Michigan,6045203
2023/01/28,Air Force,Army West Point,6045236
2023/01/28,Yale,Sacred Heart,6130616
2023/01/28,Michigan St.,Minnesota,6045228
2023/01/28,Bentley,Mercyhurst,6045237
2023/01/28,Union (NY),Rensselaer,6045239
2023/01/28,Wisconsin,Notre Dame,6045229
2023/01/28,Bemidji St.,Lake Superior St.,6045240
2023/01/28,Minnesota St.,Ferris St.,6045241
2023/01/28,Michigan Tech,Northern Mich.,6045242
2023/01/28,Merrimack,Vermont,6045231
2023/01/28,Providence,Maine,6045244
2023/01/28,RIT,Holy Cross,6045249
2023/01/28,LIU,Princeton,6045247
2023/01/28,Cornell,Harvard,6045246
2023/01/28,St. Lawrence,Clarkson,6045245
2023/01/28,Penn St.,Michigan,6045230
2023/01/28,Niagara,Canisius,6045243
2023/01/28,Colgate,Dartmouth,6045238
2023/01/28,UConn,Quinnipiac,6045235
2023/01/28,Boston U.,Boston College,6045227
2023/01/28,North Dakota,Miami (OH),6045250
2023/01/28,St. Cloud St.,Minn. Duluth,6045248
2023/01/28,St. Thomas (MN),Arizona St.,6045233
2023/01/28,Alas. Anchorage,Alas. Fairbanks,6045251
2023/01/28,Omaha,Western Mich.,6045232
2023/01/31,Boston College,Northeastern,6045252
2023/02/02,Sacred Heart,American Int'l,6045407
2023/02/03,Stonehill,LIU,6045259
2023/02/03,Army West Point,Niagara,6045269
2023/02/03,Boston U.,Maine,6045263
2023/02/03,Clarkson,Yale,6045271
2023/02/03,Union (NY),Colgate,6045270
2023/02/03,Merrimack,New Hampshire,6045266
2023/02/03,Boston College,UMass Lowell,6045265
2023/02/03,Quinnipiac,Harvard,6045264
2023/02/03,St. Lawrence,Brown,6045268
2023/02/03,RIT,Canisius,6045262
2023/02/03,UConn,Northeastern,6045258
2023/02/03,Penn St.,Ohio St.,6045257
2023/02/03,Notre Dame,Michigan St.,6045256
2023/02/03,Wisconsin,Michigan,6045255
2023/02/03,Massachusetts,Providence,6045254
2023/02/03,Rensselaer,Cornell,6082573
2023/02/03,Holy Cross,Bentley,6045272
2023/02/03,Lake Superior St.,Northern Mich.,6045261
2023/02/03,Ferris St.,Bowling Green,6045273
2023/02/03,Western Mich.,Minn. Duluth,6045267
2023/02/03,Princeton,Dartmouth,6045278
2023/02/03,St. Thomas (MN),Minnesota St.,6045274
2023/02/03,Michigan Tech,Bemidji St.,6045275
2023/02/03,Miami (OH),St. Cloud St.,6045277
2023/02/03,Mercyhurst,Air Force,6045260
2023/02/03,Arizona St.,Alas. Fairbanks,6045276
2023/02/04,Stonehill,LIU,6045282
2023/02/04,Notre Dame,Michigan St.,6045280
2023/02/04,Holy Cross,Bentley,6045284
2023/02/04,Army West Point,Niagara,6045285
2023/02/04,New Hampshire,UMass Lowell,6045286
2023/02/04,Lake Superior St.,Northern Mich.,6045292
2023/02/04,Penn St.,Ohio St.,6045281
2023/02/04,Canisius,RIT,6045297
2023/02/04,St. Lawrence,Yale,6045296
2023/02/04,Union (NY),Cornell,6045295
2023/02/04,Clarkson,Brown,6045294
2023/02/04,Miami (OH),St. Cloud St.,6045289
2023/02/04,American Int'l,Sacred Heart,6045293
2023/02/04,Western Mich.,Minn. Duluth,6045287
2023/02/04,Mercyhurst,Air Force,6045283
2023/02/04,Wisconsin,Michigan,6045279
2023/02/04,Rensselaer,Colgate,6045499
2023/02/04,Michigan Tech,Bemidji St.,6045290
2023/02/04,Minnesota St.,St. Thomas (MN),6045291
2023/02/04,Ferris St.,Bowling Green,6045298
2023/02/04,Denver,Colorado Col.,6045288
2023/02/04,Quinnipiac,Dartmouth,6045300
2023/02/04,Arizona St.,Alas. Fairbanks,6045299
2023/02/05,Providence,Vermont,6045301
2023/02/05,Merrimack,Maine,6045302
2023/02/06,Boston College,Harvard,6045303
2023/02/06,Northeastern,Boston U.,6045304
2023/02/07,Army West Point,Sacred Heart,6045305
2023/02/08,Bentley,American Int'l,6045306
2023/02/09,RIT,Niagara,6132421
2023/02/10,Alas. Fairbanks,LIU,6045312
2023/02/10,Holy Cross,Army West Point,6045317
2023/02/10,Colgate,Cornell,6045500
2023/02/10,Yale,Union (NY),6045320
2023/02/10,UConn,New Hampshire,6045319
2023/02/10,Quinnipiac,Clarkson,6045318
2023/02/10,Brown,Rensselaer,6045323
2023/02/10,Princeton,St. Lawrence,6045316
2023/02/10,Maine,Boston College,6045314
2023/02/10,Vermont,Massachusetts,6045311
2023/02/10,Michigan,Michigan St.,6045309
2023/02/10,Northeastern,Providence,6045307
2023/02/10,Air Force,Sacred Heart,6045315
2023/02/10,American Int'l,Bentley,6045324
2023/02/10,Canisius,Mercyhurst,6045325
2023/02/10,Bemidji St.,Ferris St.,6045327
2023/02/10,Northern Mich.,St. Thomas (MN),6045313
2023/02/10,Bowling Green,Michigan Tech,6045326
2023/02/10,Ohio St.,Notre Dame,6045308
2023/02/10,Minnesota,Wisconsin,6045310
2023/02/10,Colorado Col.,Omaha,6045321
2023/02/10,Harvard,Dartmouth,6045328
2023/02/10,Stonehill,Lindenwood,6134638
2023/02/10,North Dakota,Denver,6045322
2023/02/11,Minnesota,Wisconsin,6045330
2023/02/11,Alas. Fairbanks,LIU,6045333
2023/02/11,Canisius,Mercyhurst,6045334
2023/02/11,Holy Cross,Army West Point,6045335
2023/02/11,UConn,New Hampshire,6045336
2023/02/11,Brown,Union (NY),6045337
2023/02/11,Bowling Green,Michigan Tech,6045338
2023/02/11,Stonehill,Lindenwood,6134639
2023/02/11,Ohio St.,Notre Dame,6045329
2023/02/11,Bemidji St.,Ferris St.,6045341
2023/02/11,Northern Mich.,St. Thomas (MN),6045339
2023/02/11,Yale,Rensselaer,6085179
2023/02/11,Vermont,Massachusetts,6045331
2023/02/11,Air Force,Sacred Heart,6045342
2023/02/11,Quinnipiac,St. Lawrence,6045343
2023/02/11,Princeton,Clarkson,6045344
2023/02/11,RIT,Niagara,6132422
2023/02/11,Cornell,Colgate,6045501
2023/02/11,Michigan St.,Michigan,6045332
2023/02/11,North Dakota,Denver,6045340
2023/02/11,Colorado Col.,Omaha,6045345
2023/02/12,Maine,UMass Lowell,6045346
2023/02/13,Boston College,Boston U.,6045348
2023/02/13,Harvard,Northeastern,6045347
2023/02/13,Canisius,Air Force,6045026
2023/02/14,Canisius,Air Force,6045040
2023/02/16,Michigan,Ohio St.,6045350
2023/02/16,Niagara,Holy Cross,6045351
2023/02/17,St. Lawrence,Colgate,6045367
2023/02/17,Mercyhurst,Army West Point,6045361
2023/02/17,Clarkson,Cornell,6045368
2023/02/17,Rensselaer,Dartmouth,6045366
2023/02/17,Minnesota,Penn St.,6045363
2023/02/17,Brown,Princeton,6045362
2023/02/17,Niagara,Holy Cross,6045364
2023/02/17,Union (NY),Harvard,6045360
2023/02/17,Yale,Quinnipiac,6048425
2023/02/17,UMass Lowell,Providence,6045353
2023/02/17,Massachusetts,Boston College,6045352
2023/02/17,Omaha,Miami (OH),6045369
2023/02/17,Bentley,RIT,6045371
2023/02/17,St. Thomas (MN),Lake Superior St.,6045372
2023/02/17,Ferris St.,Northern Mich.,6045375
2023/02/17,St. Cloud St.,North Dakota,6045373
2023/02/17,Minnesota St.,Bemidji St.,6045374
2023/02/17,Minn. Duluth,Denver,6045365
2023/02/17,Lindenwood,Arizona St.,6045358
2023/02/17,Michigan St.,Wisconsin,6045356
2023/02/17,American Int'l,Air Force,6045370
2023/02/17,LIU,Alas. Fairbanks,6045376
2023/02/17,Boston U.,Merrimack,6045355
2023/02/17,Colorado Col.,Western Mich.,6045357
2023/02/17,Maine,New Hampshire,6045354
2023/02/18,Sacred Heart,Canisius,6045359
2023/02/18,Michigan,Ohio St.,6045383
2023/02/18,Minnesota,Penn St.,6045385
2023/02/18,Union (NY),Dartmouth,6045399
2023/02/18,Omaha,Miami (OH),6045386
2023/02/18,Bentley,RIT,6045388
2023/02/18,Merrimack,Boston U.,6045381
2023/02/18,Providence,UMass Lowell,6045390
2023/02/18,St. Thomas (MN),Lake Superior St.,6045391
2023/02/18,Ferris St.,Northern Mich.,6045394
2023/02/18,Rensselaer,Harvard,6045395
2023/02/18,Northeastern,Vermont,6045398
2023/02/18,Brown,Quinnipiac,6045402
2023/02/18,Clarkson,Colgate,6045401
2023/02/18,St. Lawrence,Cornell,6045400
2023/02/18,Boston College,Massachusetts,6045382
2023/02/18,Yale,Princeton,6045397
2023/02/18,Mercyhurst,Army West Point,6045396
2023/02/18,American Int'l,Air Force,6045387
2023/02/18,St. Cloud St.,North Dakota,6045392
2023/02/18,Minnesota St.,Bemidji St.,6045393
2023/02/18,Minn. Duluth,Denver,6045389
2023/02/18,Michigan St.,Wisconsin,6045378
2023/02/18,Lindenwood,Arizona St.,6045380
2023/02/18,LIU,Alas. Fairbanks,6045403
2023/02/18,Colorado Col.,Western Mich.,6045379
2023/02/18,Maine,New Hampshire,6045377
2023/02/19,Sacred Heart,Canisius,6045384
2023/02/22,Alas. Anchorage,UConn,6045404
2023/02/23,Alas. Anchorage,UConn,6045404
2023/02/24,Merrimack,UMass Lowell,6045429
2023/02/24,Wisconsin,Penn St.,6045414
2023/02/24,Colgate,Yale,6045502
2023/02/24,Cornell,Brown,6045419
2023/02/24,Quinnipiac,Union (NY),6045417
2023/02/24,Canisius,Holy Cross,6045415
2023/02/24,Princeton,Rensselaer,6045421
2023/02/24,Harvard,St. Lawrence,6045413
2023/02/24,Army West Point,Bentley,6045411
2023/02/24,Northeastern,Massachusetts,6045410
2023/02/24,Boston U.,Vermont,6045408
2023/02/24,Boston College,Maine,6045412
2023/02/24,Notre Dame,Michigan,6045406
2023/02/24,Niagara,Mercyhurst,6045422
2023/02/24,Air Force,RIT,6045423
2023/02/24,Sacred Heart,American Int'l,6045253
2023/02/24,Northern Mich.,Bowling Green,6045424
2023/02/24,Lake Superior St.,Ferris St.,6045426
2023/02/24,Dartmouth,Clarkson,6045416
2023/02/24,Miami (OH),Minn. Duluth,6045418
2023/02/24,Michigan Tech,Minnesota St.,6045425
2023/02/24,St. Cloud St.,Omaha,6045427
2023/02/24,Bemidji St.,St. Thomas (MN),6045428
2023/02/24,Alas. Fairbanks,Arizona St.,6045420
2023/02/24,Ohio St.,Minnesota,6045405
2023/02/24,North Dakota,Colorado Col.,6045430
2023/02/24,Denver,Western Mich.,6045409
2023/02/25,Alas. Anchorage,LIU,6045437
2023/02/25,New Hampshire,UConn,6045435
2023/02/25,Army West Point,Bentley,6045438
2023/02/25,Wisconsin,Penn St.,6045440
2023/02/25,Air Force,RIT,6045441
2023/02/25,Lake Superior St.,Ferris St.,6045442
2023/02/25,Ohio St.,Minnesota,6045431
2023/02/25,UMass Lowell,Merrimack,6045452
2023/02/25,Princeton,Union (NY),6045439
2023/02/25,Quinnipiac,Rensselaer,6048426
2023/02/25,Cornell,Yale,6048109
2023/02/25,Mercyhurst,Niagara,6045453
2023/02/25,Colgate,Brown,6045451
2023/02/25,Harvard,Clarkson,6045450
2023/02/25,Canisius,Holy Cross,6045449
2023/02/25,Dartmouth,St. Lawrence,6045448
2023/02/25,Boston College,Maine,6045447
2023/02/25,American Int'l,Sacred Heart,6045446
2023/02/25,Michigan Tech,Minnesota St.,6045444
2023/02/25,Bemidji St.,St. Thomas (MN),6045445
2023/02/25,Northern Mich.,Bowling Green,6045455
2023/02/25,Massachusetts,Northeastern,6045433
2023/02/25,Boston U.,Vermont,6045434
2023/02/25,North Dakota,Colorado Col.,6045443
2023/02/25,Notre Dame,Michigan,6045432
2023/02/25,St. Cloud St.,Omaha,6045456
2023/02/25,Alas. Fairbanks,Arizona St.,6045454
2023/02/25,Miami (OH),Minn. Duluth,6045457
2023/02/25,Denver,Western Mich.,6045436
2023/02/26,Alas. Anchorage,LIU,6045458
2023/02/28,Alas. Anchorage,LIU,6045459
2023/03/02,Vermont,New Hampshire,6045460
2023/03/03,Holy Cross,American Int'l,6138050
2023/03/03,Penn St.,Ohio St.,6137143
2023/03/03,Providence,Boston U.,6045461
2023/03/03,Army West Point,Canisius,6138045
2023/03/03,Dartmouth,Colgate,6137931
2023/03/03,Penn St.,Ohio St.,6137144
2023/03/03,Niagara,Sacred Heart,6138052
2023/03/03,Michigan St.,Notre Dame,6137134
2023/03/03,Wisconsin,Michigan,6137128
2023/03/03,Wisconsin,Michigan,6137127
2023/03/03,UConn,Boston College,6045465
2023/03/03,Massachusetts,Maine,6045462
2023/03/03,Michigan St.,Notre Dame,6137133
2023/03/03,Western Mich.,Miami (OH),6045466
2023/03/03,Mercyhurst,RIT,6138042
2023/03/03,Bemidji St.,Northern Mich.,6137975
2023/03/03,St. Thomas (MN),Michigan Tech,6137967
2023/03/03,Ferris St.,Bowling Green,6137970
2023/03/03,Northeastern,UMass Lowell,6045463
2023/03/03,Omaha,North Dakota,6045467
2023/03/03,Lake Superior St.,Minnesota St.,6137964
2023/03/03,Minn. Duluth,St. Cloud St.,6045469
2023/03/03,Colorado Col.,Denver,6045464
2023/03/03,Lindenwood,Alas. Fairbanks,6045468
2023/03/04,Arizona St.,Alas. Anchorage,6045509
2023/03/04,Holy Cross,American Int'l,6138043
2023/03/04,Brown,Clarkson,6137932
2023/03/04,Princeton,Union (NY),6137933
2023/03/04,Michigan St.,Notre Dame,6137135
2023/03/04,Penn St.,Ohio St.,6137130
2023/03/04,Western Mich.,Miami (OH),6045473
2023/03/04,St. Thomas (MN),Michigan Tech,6137968
2023/03/04,Bemidji St.,Northern Mich.,6137974
2023/03/04,Massachusetts,Maine,6045478
2023/03/04,Penn St.,Ohio St.,6137129
2023/03/04,Niagara,Sacred Heart,6138051
2023/03/04,Yale,Rensselaer,6137935
2023/03/04,Wisconsin,Michigan,6137140
2023/03/04,Wisconsin,Michigan,6137139
2023/03/04,Boston College,UConn,6045477
2023/03/04,UMass Lowell,Northeastern,6045479
2023/03/04,Minn. Duluth,St. Cloud St.,6045475
2023/03/04,Boston U.,Providence,6045470
2023/03/04,Mercyhurst,RIT,6138041
2023/03/04,Omaha,North Dakota,6045476
2023/03/04,Lake Superior St.,Minnesota St.,6137966
2023/03/04,Ferris St.,Bowling Green,6137971
2023/03/04,Army West Point,Canisius,6138046
2023/03/04,Denver,Colorado Col.,6045474
2023/03/04,Arizona St.,Alas. Anchorage,6045510
2023/03/04,Lindenwood,Alas. Fairbanks,6045480
2023/03/04,Vermont,Merrimack,6045471
2023/03/04,Michigan St.,Notre Dame,6137136
2023/03/05,Holy Cross,American Int'l,6138049
2023/03/05,Penn St.,Ohio St.,6137141
2023/03/05,Penn St.,Ohio St.,6137142
2023/03/05,Army West Point,Canisius,6138047
2023/03/05,Michigan St.,Notre Dame,6137137
2023/03/05,Michigan St.,Notre Dame,6137138
2023/03/05,Niagara,Sacred Heart,6138044
2023/03/05,Wisconsin,Michigan,6137125
2023/03/05,Wisconsin,Michigan,6137126
2023/03/08,Vermont,Maine,6140458
2023/03/08,New Hampshire,Providence,6140472
2023/03/08,Massachusetts,Boston College,6140473
2023/03/09,Lindenwood,Alas. Anchorage,6045481
2023/03/10,Niagara,Canisius,6140477
2023/03/10,Yale,Quinnipiac,6137937
2023/03/10,Clarkson,Cornell,6137938
2023/03/10,Princeton,Harvard,6137941
2023/03/10,Colgate,St. Lawrence,6137946
2023/03/10,Colorado Col.,Western Mich.,6140459
2023/03/10,Holy Cross,RIT,6140482
2023/03/10,North Dakota,Omaha,6140462
2023/03/10,Minn. Duluth,St. Cloud St.,6140465
2023/03/10,LIU,Arizona St.,6045483
2023/03/10,Miami (OH),Denver,6140468
2023/03/11,UMass Lowell,UConn,6140471
2023/03/11,Vermont,Boston U.,6142910
2023/03/11,Vermont,Boston U.,6142911
2023/03/11,Colorado Col.,Western Mich.,6140460
2023/03/11,Northern Mich.,Michigan Tech,6143174
2023/03/11,Ohio St.,Michigan,6140457
2023/03/11,Yale,Quinnipiac,6137934
2023/03/11,Clarkson,Cornell,6137939
2023/03/11,Princeton,Harvard,6137942
2023/03/11,Colgate,St. Lawrence,6137945
2023/03/11,Providence,Northeastern,6142912
2023/03/11,Holy Cross,RIT,6140481
2023/03/11,Minn. Duluth,St. Cloud St.,6140466
2023/03/11,Ferris St.,Minnesota St.,6143175
2023/03/11,TBA,Minnesota,6137132
2023/03/11,Boston College,Merrimack,6142913
2023/03/11,Niagara,Canisius,6140478
2023/03/11,North Dakota,Omaha,6140463
2023/03/11,Miami (OH),Denver,6140469
2023/03/11,LIU,Arizona St.,6045486
2023/03/11,Michigan St.,Minnesota,6137131
2023/03/11,Lindenwood,Alas. Anchorage,6045484
2023/03/12,Holy Cross,RIT,6140480
2023/03/12,Niagara,Canisius,6140479
2023/03/12,North Dakota,Omaha,6140464
2023/03/12,Minn. Duluth,St. Cloud St.,6140467
2023/03/12,Yale,Quinnipiac,6137936
2023/03/12,Clarkson,Cornell,6137940
2023/03/12,Princeton,Harvard,6137943
2023/03/12,Colgate,St. Lawrence,6137944
2023/03/12,Miami (OH),Denver,6140470
2023/03/17,Providence,Boston U.,6143532
2023/03/17,Colgate,Quinnipiac,6143102
2023/03/17,Colorado Col.,Denver,6143529
2023/03/17,UMass Lowell,Merrimack,6143533
2023/03/17,Cornell,Harvard,6143101
2023/03/17,North Dakota,St. Cloud St.,6143530
2023/03/18,Holy Cross,Canisius,6143450
2023/03/18,Merrimack,Boston U.,6143571
2023/03/18,Northern Mich.,Minnesota St.,6143293
2023/03/18,Colgate,Harvard,6144170
2023/03/18,Michigan,Minnesota,6143292
2023/03/18,Colorado Col.,St. Cloud St.,6143531
